[{"model": "admin.logentry", "pk": 1, "fields": {"action_time": "2021-05-26T14:53:11.406Z", "user": 1, "content_type": 7, "object_id": "1", "object_repr": "sportszone.example.com", "action_flag": 2, "change_message": "[{\"changed\": {\"fields\": [\"Domain name\", \"Display name\"]}}]"}}, {"model": "admin.logentry", "pk": 2, "fields": {"action_time": "2021-05-26T15:01:04.852Z", "user": 1, "content_type": 8, "object_id": "1", "object_repr": "manib58@live.co.uk", "action_flag": 2, "change_message": "[{\"changed\": {\"fields\": [\"Verified\", \"Primary\"]}}]"}}, {"model": "admin.logentry", "pk": 3, "fields": {"action_time": "2021-06-11T17:12:06.031Z", "user": 1, "content_type": 16, "object_id": "1", "object_repr": "EEA7BCA6F43C480D87766976FE440209", "action_flag": 2, "change_message": "[]"}}, {"model": "admin.logentry", "pk": 4, "fields": {"action_time": "2021-06-11T17:12:15.235Z", "user": 1, "content_type": 16, "object_id": "1", "object_repr": "EEA7BCA6F43C480D87766976FE440209", "action_flag": 2, "change_message": "[{\"deleted\": {\"name\": \"order line item\", \"object\": \"SKU pp5001340157 on order EEA7BCA6F43C480D87766976FE440209\"}}]"}}, {"model": "admin.logentry", "pk": 5, "fields": {"action_time": "2021-06-11T17:13:19.062Z", "user": 1, "content_type": 16, "object_id": "1", "object_repr": "EEA7BCA6F43C480D87766976FE440209", "action_flag": 3, "change_message": ""}}, {"model": "admin.logentry", "pk": 6, "fields": {"action_time": "2021-06-11T17:16:41.104Z", "user": 1, "content_type": 16, "object_id": "2", "object_repr": "7ACBABC860364FDC9A143A438D44B0E2", "action_flag": 2, "change_message": "[{\"changed\": {\"name\": \"order line item\", \"object\": \"SKU pp5001340159 on order 7ACBABC860364FDC9A143A438D44B0E2\", \"fields\": [\"Quantity\"]}}]"}}, {"model": "admin.logentry", "pk": 7, "fields": {"action_time": "2021-06-11T17:16:47.775Z", "user": 1, "content_type": 16, "object_id": "2", "object_repr": "7ACBABC860364FDC9A143A438D44B0E2", "action_flag": 2, "change_message": "[{\"changed\": {\"name\": \"order line item\", \"object\": \"SKU pp5001340159 on order 7ACBABC860364FDC9A143A438D44B0E2\", \"fields\": [\"Quantity\"]}}]"}}, {"model": "admin.logentry", "pk": 8, "fields": {"action_time": "2021-06-11T17:16:54.884Z", "user": 1, "content_type": 16, "object_id": "2", "object_repr": "7ACBABC860364FDC9A143A438D44B0E2", "action_flag": 2, "change_message": "[{\"deleted\": {\"name\": \"order line item\", \"object\": \"SKU pp5001340161 on order 7ACBABC860364FDC9A143A438D44B0E2\"}}]"}}, {"model": "admin.logentry", "pk": 9, "fields": {"action_time": "2021-06-11T17:17:59.169Z", "user": 1, "content_type": 16, "object_id": "2", "object_repr": "7ACBABC860364FDC9A143A438D44B0E2", "action_flag": 3, "change_message": ""}}, {"model": "admin.logentry", "pk": 10, "fields": {"action_time": "2021-06-17T17:59:09.865Z", "user": 1, "content_type": 14, "object_id": "11", "object_repr": "rwerwe", "action_flag": 3, "change_message": ""}}, {"model": "auth.user", "pk": 1, "fields": {"password": "pbkdf2_sha256$260000$F0QKWvjzrBs2qVLyQubcAL$jLrpKG8KYAPe01hAom6KUP2UVQKXHTvDmc079D4CYY4=", "last_login": "2021-06-21T13:36:39.066Z", "is_superuser": true, "username": "mannybinning", "first_name": "", "last_name": "", "email": "manib58@live.co.uk", "is_staff": true, "is_active": true, "date_joined": "2021-05-26T13:53:38.913Z", "groups": [], "user_permissions": []}}, {"model": "auth.user", "pk": 2, "fields": {"password": "pbkdf2_sha256$260000$Jpl9UO0LIOVs3l0bglsKqq$o15brPJj+Jp0jh0QP/ZP95qIuqpkFHb5O6IPMlSxdNU=", "last_login": "2021-06-14T17:29:03.792Z", "is_superuser": false, "username": "test123", "first_name": "", "last_name": "", "email": "test123@hotmail.com", "is_staff": false, "is_active": true, "date_joined": "2021-06-14T17:27:29.529Z", "groups": [], "user_permissions": []}}, {"model": "sessions.session", "pk": "96bqyotal5itrav3rrhx98tztwj3qq5b", "fields": {"session_data": ".eJxVjMsOwiAQRf-FtSFQHgWX7v0GwnQYixowpU00xn-3TbrQ7Tnn3jcLcZnHsLQ0hYzsyCQ7_DKIwy2VTeA1lkvlQy3zlIFvCd9t4-eK6X7a27-DMbZxXfdKDRCdRkdKdxaNl6SF9OgtkCcAiRaEQzDoO-F7bToniVbYC0tGbacttZZrCen5yNOLHcXnC4WaPvU:1llv2N:iRXZNQLa-gnTc1r5xJaX4Fu3H3rsGaBd3Cj29F4YHAc", "expire_date": "2021-06-09T15:01:35.603Z"}}, {"model": "sessions.session", "pk": "9y98fql3jqzatbdpfues60phdtvjlmro", "fields": {"session_data": ".eJxVjcFuwyAMht_F5yiCkBLKbXsRZMBZ0FpSxWRqG_XdG6YcNh8s-fvtzxs4XMvkVqbFpQgWJDR_mcfwTbkGeLlU3GII85pL-7tzxNx-7BPlkgKWNOfP4-qfakKeds_QCeVPZMhr0YtxiB2OIowhekFh0J1UJ9OLsxFmkAoRzzpqTSFK0_XKa12lTMz7G0f3W1oeYEUDjD_kUh5nsGVZqQGPX2A3ULWlQld2_uE4PamCK1j52usNJjdV6g:1lvjcQ:9mfemGyzUEpwX8dYN7YpNYG8E1Pem7LEI47mcXHNm-Q", "expire_date": "2021-07-06T16:51:22.332Z"}}, {"model": "sessions.session", "pk": "baodgej4ul73rpd3b1s7p3e109d7odcu", "fields": {"session_data": ".eJyrVkpKTFeyqlYyBBGZJam5xfFJlfHFmVWpIIFcJSvD2lodJXOsshXFQGkdpYocsKraWgDVWhlm:1lr2TT:3m4Cj-l-CpfY6kAdW1-Oq3nW4bfJ5CYN6J87_jyxh4E", "expire_date": "2021-06-23T17:58:43.680Z"}}, {"model": "sessions.session", "pk": "e2577awak3nhz1pwe91stap4763uzzld", "fields": {"session_data": "e30:1lsqIR:VcGzF911gbkJhVwxHqlxFhA6GrkeBelJ_wWEp3dKxZg", "expire_date": "2021-06-28T17:22:47.313Z"}}, {"model": "sessions.session", "pk": "rmh6ma100aad2v2hm47669dsq314n51o", "fields": {"session_data": ".eJxVjcsKwyAQRf_FdQkaH9Hsmh8Rx1EiDaZEAy2l_15TsmiX99yZc1_Eur3Odi9hswnJSBi5_DJw_hbyUbhlOXDnvF_3XLvvzVmX7tpSyDV5V9Oap_PrTzW7MjfPwLkHpwXqyEWvUBoWBWUGjYJoIgBDBVQjSDQ9NYOQvWYxNjhQFSU_pCWU0mZseNzT9iQjfX8AtqZDaQ:1luXNt:pCfKUpH1DSelzJrZpycxP6uMhzXjIbDcMBkbnI0QIV0", "expire_date": "2021-07-03T09:35:25.547Z"}}, {"model": "sessions.session", "pk": "w5i4n3rsqtkke5qy1sa5a5c6ks5ry404", "fields": {"session_data": ".eJxVjjsOgzAQRO-ytWX5g43XZfqcAXlZDCQRSHwqxN1jJIqkfW9mNAc0ad-GZl-7pRkZImgQv4xS--6mS_ArTf0s23nalpHkFZG3XeVz5u7zuLN_A0Nah9KurW0phYpDtpXx7FDnSmlk9JQxE2n2pAKTYzQK68qZoHMusFY-O1tGKfUQj3IwGgEBohbgICIKsAWZ8_wCwp4_Cg:1lpdhe:ORmeqLgZ25bRKZF-OHxvV1ctlswPrd38ZvqFELwQJAM", "expire_date": "2021-06-19T21:19:34.654Z"}}, {"model": "sites.site", "pk": 1, "fields": {"domain": "sportszone.example.com", "name": "Sports Zone"}}, {"model": "account.emailaddress", "pk": 1, "fields": {"user": 1, "email": "manib58@live.co.uk", "verified": true, "primary": true}}, {"model": "account.emailaddress", "pk": 2, "fields": {"user": 2, "email": "test123@hotmail.com", "verified": true, "primary": true}}, {"model": "products.category", "pk": 1, "fields": {"name": "cricket_clothing", "friendly_name": "Cricket Clothing"}}, {"model": "products.category", "pk": 2, "fields": {"name": "football_clothing", "friendly_name": "Football Clothing"}}, {"model": "products.category", "pk": 3, "fields": {"name": "ladies_cricket_clothing", "friendly_name": "Ladies Cricket Clothing"}}, {"model": "products.category", "pk": 4, "fields": {"name": "cricket_equipment", "friendly_name": "Cricket Equipment"}}, {"model": "products.category", "pk": 5, "fields": {"name": "football_equipment", "friendly_name": "Football Equipment"}}, {"model": "products.category", "pk": 6, "fields": {"name": "ladies_cricket_equipment", "friendly_name": "Ladies Cricket Equipment"}}, {"model": "products.category", "pk": 7, "fields": {"name": "ladies_football_clothing", "friendly_name": "Ladies Football Clothing"}}, {"model": "products.category", "pk": 8, "fields": {"name": "ladies_football_equipment", "friendly_name": "Ladies Football Equipment"}}, {"model": "products.category", "pk": 9, "fields": {"name": "kids_cricket_clothing", "friendly_name": "Kids Cricket Clothing"}}, {"model": "products.category", "pk": 10, "fields": {"name": "kids_cricket_equipment", "friendly_name": "Kids Cricket Equipment"}}, {"model": "products.category", "pk": 11, "fields": {"name": "kids_football_clothing", "friendly_name": "Kids Football Clothing"}}, {"model": "products.category", "pk": 12, "fields": {"name": "kids_football_equipment", "friendly_name": "Kids Football Equipment"}}, {"model": "products.category", "pk": 13, "fields": {"name": "accessories_clothing", "friendly_name": "Accessories Clothing"}}, {"model": "products.category", "pk": 14, "fields": {"name": "accessories_equipment", "friendly_name": "Accessories Equipment"}}, {"model": "products.product", "pk": 1, "fields": {"category": 4, "sku": "pp5001340155", "name": "Helmet", "description": "Cricket helmet for batsmen, Weighs approximatley 940 Gms. including a new improved fixed grill for increased safety. Increased facial & side protection. Removable and washable sweatband. Confirms to Latest ICC/BS 2013 safety standards including the back extention for more safety.", "has_sizes": false, "price": "155.99", "rating": "4.60", "image_url": "https://www.somersetcountysports.com/wp-content/uploads/2020/05/Armor-2.0-Navy.jpg", "image": "helmet.jpg"}}, {"model": "products.product", "pk": 2, "fields": {"category": 4, "sku": "pp5001340156", "name": "Cricket Bat", "description": "With an aggressive powerful profile and smouldering black graphics the Shadow is the ideal choice for the player who likes to make thing happen on the field. The addition of the new ‘Counterbalance’ handle enhances the ‘pick up’ to provide a bat which packs a heavyweight punch.", "has_sizes": false, "price": "99.99", "rating": "4.60", "image_url": "https://encrypted-tbn0.gstatic.com/images?q=tbn:ANd9GcQLw3BBOW6kZca8DpUAo7RAjDBq_E1wJZ02GAHjAiDXRNsQWMz80FuN_gRkSg&usqp=CAc", "image": "bat.jpg"}}, {"model": "products.product", "pk": 3, "fields": {"category": 1, "sku": "pp5001340157", "name": "Cricket Top", "description": "A fantastically strong shirt that will stand up to the rigours of the cricket season. The Matrix shirt is as breathable as possible, ensuring cricketers young and old will keep cool even in the hottest conditions. In the modern game, with players become increasingly athletic and moving more dynamically, it was crucial that all Gray Nicolls cricket shirts were ergonomically designed.", "has_sizes": true, "price": "29.99", "rating": "4.60", "image_url": "https://encrypted-tbn0.gstatic.com/images?q=tbn:ANd9GcS0QNRCvLwpJvzzz1p2olzeb_2LcEUWMKI6vIQRSYglesUkVwBK7nYKf7TadA&usqp=CAc", "image": "cricket-top.jpg"}}, {"model": "products.product", "pk": 4, "fields": {"category": 1, "sku": "pp5001340158", "name": "Cricket Bottom", "description": "Professional quality garment. Moisture management and wicking materials with airflow to keep players cool. A supportive rib material which is used for the yoke and back panel of the leg give these trousers a modern, comfortable fit. Supplied with ivory trim only.", "has_sizes": true, "price": "34.99", "rating": "4.60", "image_url": "https://encrypted-tbn0.gstatic.com/images?q=tbn:ANd9GcRcFsCNwJ9nl-wZSfGsSVe0b3lBuqaYqcgbJtsSkGow4Pd8GZkI-Z2hnFucxD87hwhkGIcJJx8r&usqp=CAc", "image": "cricket-bottom.jpg"}}, {"model": "products.product", "pk": 5, "fields": {"category": 1, "sku": "pp5001340159", "name": "Cricket Cap", "description": "Designed to fit all head sizes, we've made the Melton Cap with an elasticated headband that gives the user a secure and comfortable fit, giving you peace of mind when are diving for the ball.", "has_sizes": true, "price": "22.99", "rating": "4.60", "image_url": "https://encrypted-tbn0.gstatic.com/images?q=tbn:ANd9GcQ33uE1F-Cmbi38ciYp_P906GjSldj4IKEVJH5hfYDoo9EyXePC8GK8tg8TF28Zx6UxFsXdyJ8&usqp=CAc", "image": "cricket-cap.jpg"}}, {"model": "products.product", "pk": 6, "fields": {"category": 4, "sku": "pp5001340160", "name": "Cricket Box", "description": "Masuri Jockstrap with box is designed to hold the protective box to place under the whites and leave you to focus on more important things at the crease.", "has_sizes": false, "price": "4.99", "rating": "4.60", "image_url": "https://www.prodirectcricket.com/productimages/Main/205498_Main_Thumb_0468313.jpg", "image": "box.jpg"}}, {"model": "products.product", "pk": 7, "fields": {"category": 2, "sku": "pp5001340161", "name": "Football Top", "description": "Puma short sleeve training top with dry cell technology, Printed branding. 100% polyester. Crew neck. Straight hem.", "has_sizes": true, "price": "24.99", "rating": "4.60", "image_url": "https://encrypted-tbn0.gstatic.com/images?q=tbn:ANd9GcRMCxURDF4yjBzCVB2yitYUD30tPNFC7X9TbL4EIMilRthyteSiSaMM8iCe8Dc&usqp=CAc", "image": "football_top.jpg"}}, {"model": "products.product", "pk": 8, "fields": {"category": 5, "sku": "pp5001340162", "name": "Football", "description": "Emulate your heroes on the pitch with this Nike Strike Premier League Football which is ready for everyday play and features a high-contrast graphic design which allows you to track the the ball with ease. The ball has Nike Aerowtrac grooves which delivers an accurate ball flight right off the foot, whilst the textured casing helps enhance control and the balls 12-panels are machine stitched for long-lasting durability.", "has_sizes": false, "price": "39.99", "rating": "4.60", "image_url": "https://encrypted-tbn0.gstatic.com/images?q=tbn:ANd9GcTE7fHo_zkdZtMe26jiTXZ18K-aRxXMpE2l1s4lE9wvqdSZdmXwp9MZ4Goy7jYCq0IvuTnOLB6k&usqp=CAc", "image": "football.jpg"}}, {"model": "products.product", "pk": 9, "fields": {"category": 6, "sku": "pp5001340163", "name": "Ladies Helmet ", "description": "Adjustable for all sizes, Factory fitted 360 faceguard. Robust ABS outer shell. Size adjustment dial. Superior ventilation system.", "has_sizes": false, "price": "74.99", "rating": "4.60", "image_url": "https://encrypted-tbn0.gstatic.com/images?q=tbn:ANd9GcTTrgw9Jiq9CeDUAR03tclwvZtWLI0l4PwFJl0EUbYayJTc8GJMEM-N1IP5hRP3Qm3FKpXqrurG&usqp=CAc", "image": "ladies-helmet.jpg"}}, {"model": "products.product", "pk": 10, "fields": {"category": 3, "sku": "pp5001340164", "name": "Ladies Cricket Top", "description": "The New Balance England Test Shirt is the perfect option for showcasing your support. Constructed with a three button placket, short sleeves and a fold over collar for a classic polo. The branding at the arm and team badge at the chest complete the sporty look.", "has_sizes": true, "price": "24.99", "rating": "4.60", "image_url": "https://encrypted-tbn0.gstatic.com/images?q=tbn:ANd9GcSh68YiJLNinvidX6fgKV9ZFG6VoQnOfLX6XJthBjF_d1KWDsCRdtqsHseP9cPQQt4As8Q5wLc&usqp=CAc", "image": "ladies-cricket-top.jpg"}}, {"model": "products.product", "pk": 11, "fields": {"category": 4, "sku": "pp5001340165", "name": "Stumps with Bails", "description": "Made From Finest Quality Hardwood. Spring Return Stumps are natural wooden stumps with strong cast iron base and heavy duty spring return mechanism.", "has_sizes": false, "price": "29.99", "rating": "4.50", "image_url": "https://www.sportsmaxx.co.uk/wp-content/uploads/2020/06/CRICKET-STUMP-150x150.jpg", "image": "cricket-stumps.jpg"}}, {"model": "products.product", "pk": 12, "fields": {"category": 4, "sku": "pp50013401656", "name": "White Cricket Ball", "description": "Hand stitched 4-piece construction with 4 Layer quilted centre, Waxed and finished to English requirements, selected hide cover", "has_sizes": false, "price": "20.00", "rating": "4.50", "image_url": "https://encrypted-tbn0.gstatic.com/images?q=tbn:ANd9GcSn_zM76j6Z9loDUkW5Zrx1rMFgVZ1ofbeVQQ&usqp=CAU", "image": "white-cricket-ball.jpg"}}, {"model": "products.product", "pk": 13, "fields": {"category": 4, "sku": "pp5001340167", "name": "Cricket Gloves", "description": "The Libro batting glove offers the highest levels of protection and comfort. Fully articulated with aptimum ventilation in palm areas.", "has_sizes": false, "price": "45.00", "rating": "4.30", "image_url": "https://encrypted-tbn0.gstatic.com/images?q=tbn:ANd9GcSoj4ZWqPSI_Hd7veC1zlzDuwXLdeuKLakrdQ&usqp=CAU", "image": "cricket-gloves.jpg"}}, {"model": "products.product", "pk": 14, "fields": {"category": 4, "sku": "pp5001340168", "name": "Cricket Thigh Gaurd", "description": "Contoured thigh guard with extra large inner thigh pad creates an all in one lower body protection system. Combination of high density foam for lightweight, high impact protection, Adjustable elastic straps ensure a custom and comfortable fit", "has_sizes": false, "price": "35.00", "rating": "4.60", "image_url": "https://encrypted-tbn0.gstatic.com/images?q=tbn:ANd9GcRKDoHGJdJnw_5WqaB8uZ-k17DygsBf0iD40g&usqp=CAU", "image": "cricket-thigh-gaurd.jpg"}}, {"model": "products.product", "pk": 15, "fields": {"category": 4, "sku": "pp5001340169", "name": "Cricket Arm Gaurd", "description": "The Arm Guard will absorb impact and stave off what would potentially be painful blows. The Premium PU Cover ensures the durability of the arm guard while maintaining its lightweight performance. The arm guard's towel backing works hard to absorb all moisture that can be generated when batting for long periods under intense pressure. Fitted with a stretchy strap, the arm guard is fully adjustable for a comfortable fit.", "has_sizes": false, "price": "20.00", "rating": "4.00", "image_url": "https://encrypted-tbn0.gstatic.com/images?q=tbn:ANd9GcQd7VF5ynIgXFNxFYtI_cA7z5oUTqm-uVsjasCTzWHJZm9zEMBo9BbitqblqfNhyfLOakU&usqp=CAU", "image": "cricket-arm-gaurd.jpg"}}, {"model": "products.product", "pk": 16, "fields": {"category": 4, "sku": "pp5001340170", "name": "Cricket Bag", "description": "The main storage compartment is big enough to fit in the vast majority of your playing kit, essential for someone that has a lot of gear. Your pads and gloves will fit comfortably in here, with all your other internal protection. There’s an internal bat storage sleeve to keep your pride and joy as protected as possible. ", "has_sizes": false, "price": "55.00", "rating": "4.50", "image_url": "https://encrypted-tbn0.gstatic.com/images?q=tbn:ANd9GcQqEITpR2977LASdUVjxOBAZ31j90L-6MQ6RA&usqp=CAU", "image": "cricket-bag.jpg"}}, {"model": "products.product", "pk": 17, "fields": {"category": 4, "sku": "pp5001340171", "name": "Batting Pads", "description": "The tri-system vertical shin bolster offers fantastic coverage across the lower leg, where full, fast deliveries can have serious impact. The HD foam and cane rod combination give great coverage across the front of the batting pad, with lightweight protection which will never compromise your performance or speed across the ground. Again, this batting pad protection is supremely lightweight, with no impact on movement.", "has_sizes": false, "price": "44.99", "rating": "4.60", "image_url": "https://encrypted-tbn0.gstatic.com/images?q=tbn:ANd9GcTawyFTyIvmP_14AcU48GmzsDoDcKGRnYkfbQ&usqp=CAU", "image": "cricket-batting-pads.jpg"}}, {"model": "products.product", "pk": 18, "fields": {"category": 4, "sku": "pp5001340172", "name": "Wickets Keeping Gloves", "description": "The Prestige WicketKeeping gloves are a high class, high-performance glove that has been designed and refined by our product team in Robertsbridge. Sitting within the Classic range, the Prestige ooze class with their predominantly white colourway.", "has_sizes": false, "price": "45.00", "rating": "4.20", "image_url": "https://encrypted-tbn0.gstatic.com/images?q=tbn:ANd9GcTGsR7j7355qdfLV1e3Fdamt_w8wmZih9Flg50Vmi6pan1TmS_lw_aN7kjLnwfhz8l2xMjwVCvJ&usqp=CAc", "image": "wicket-keeping-gloves.jpg"}}, {"model": "products.product", "pk": 19, "fields": {"category": 1, "sku": "pp5001340173", "name": "Cricket Sweater Half Sleeve", "description": "This classic cable-knit vest is updated with long-staple cotton and stripes in the tournament's traditional hues.", "has_sizes": true, "price": "25.00", "rating": "4.60", "image_url": "https://encrypted-tbn0.gstatic.com/images?q=tbn:ANd9GcQ8fIgfraIQ3oh0AxnBbKm84M0VORRIck1GM6MbB0QUsSu6gpH4iInFsqWgoDZ9VrJaE0q6o4GT&usqp=CAc", "image": "half-sleeve-sweater.jpg"}}, {"model": "products.product", "pk": 20, "fields": {"category": 1, "sku": "pp5001340174", "name": "Cricket Sweater Full Sleeve", "description": "Readers Long Sleeved Sweater- produced from high quality durable heavyweight cable knit pattern.", "has_sizes": true, "price": "30.00", "rating": "4.60", "image_url": "https://encrypted-tbn0.gstatic.com/images?q=tbn:ANd9GcQYODzTG3oK-jnc6yvFIrui4vKQ_kg0AJC1wg&usqp=CAU", "image": "full-sleeve-sweater.jpg"}}, {"model": "products.product", "pk": 21, "fields": {"category": 1, "sku": "pp5001340175", "name": "Cricket Blazer", "description": "It feautures an internal zip pocket for security, a single back vent, suit style pockets and is stain resistant. It is also made from re-vive 100% recycled outer blazer fabric.", "has_sizes": true, "price": "75.00", "rating": "4.80", "image_url": "https://encrypted-tbn0.gstatic.com/images?q=tbn:ANd9GcTXGopPqPr-yrr4U40pT6N0kNgYjw0Ug5_zbg&usqp=CAU", "image": "cricket-blazer.jpg"}}, {"model": "products.product", "pk": 22, "fields": {"category": 1, "sku": "pp5001340176", "name": "Cricket Coat", "description": "Breathable weather protection that optimises body temperature and keeps athletes at peak performance even in wind and rain by acting as a barrier to the elements while allowing heat and sweat to escape through evaporation. Cricket specific fit engineered to move naturally with the body.", "has_sizes": true, "price": "45.00", "rating": "4.70", "image_url": "https://encrypted-tbn0.gstatic.com/images?q=tbn:ANd9GcR0TWV5PnQZAO2kZyt4_Ajsr4sKI-BL7SJL0g&usqp=CAU", "image": "cricket-coat.jpg"}}, {"model": "products.product", "pk": 23, "fields": {"category": 5, "sku": "pp5001340177", "name": "Football Goal", "description": "Made from 42mm PVC tube this goal is strong to stand their best shots. Folding structure allows you to fold in secs. It's easy to take-away and saves space in the warehouse. Ground pegs included for playing on soft ground.", "has_sizes": false, "price": "50.00", "rating": "4.70", "image_url": "https://encrypted-tbn0.gstatic.com/images?q=tbn:ANd9GcTXDBCXdReahOoUWXVz4rV2wBPYiBLVlh5G5w&usqp=CAU", "image": "football-goals.jpg"}}, {"model": "products.product", "pk": 24, "fields": {"category": 5, "sku": "pp5001340178", "name": "Football Bag", "description": "Precision budget team kit bag, Made from tough and durable PVC. Reinforced base with four stud feet. Zip closure with two carry handles, Ideal for carrying around all your sports kit", "has_sizes": false, "price": "55.00", "rating": "4.70", "image_url": "https://encrypted-tbn0.gstatic.com/images?q=tbn:ANd9GcQvvw6ZdOcVxaM1EJdrJuhj2rh5Uv_iBBe71EYvQ6OR-ttIAIlo7K4sVo0Eaw8J-i1sVvRkFT0&usqp=CAc", "image": "football-bag.jpg"}}, {"model": "products.product", "pk": 25, "fields": {"category": 5, "sku": "pp5001340179", "name": "Goalkeeper Gloves", "description": "Features a flat palm cut, a Zohonero latex and an EVA backhand. Conventional elasticated strap with pull loop", "has_sizes": false, "price": "30.00", "rating": "4.40", "image_url": "https://encrypted-tbn0.gstatic.com/images?q=tbn:ANd9GcRqfGDKlAEJ0QlkR5BIG7RIE5SPyLbkLNAl2g&usqp=CAU", "image": "goalkeeper-gloves.jpg"}}, {"model": "products.product", "pk": 26, "fields": {"category": 14, "sku": "pp5001340180", "name": "Football Air Pump", "description": "Don't let a flat spoil your fun. Whether you're on the five-aside court, training field or pitch, this air pump ensures your football stays fully inflated. It has a dual action design, which means it inflates both on the push and pull.", "has_sizes": false, "price": "45.00", "rating": "4.00", "image_url": "https://encrypted-tbn0.gstatic.com/images?q=tbn:ANd9GcRAF0JFqrNKWqLde5Y6pYX9ZN1DtjilNys_V2xwa1UROo7D95hezootF98BPAmd_44vphcr1KV2&usqp=CAc", "image": "football-air-pump.jpg"}}, {"model": "products.product", "pk": 27, "fields": {"category": 5, "sku": "pp5001340181", "name": "Football Shin Pads", "description": "Shin Guards absorb impacts while keeping you comfortable. You can play your game with complete confidence thanks to the attached ankle guards. The straps ensure everything stays exactly where you need it to be.", "has_sizes": false, "price": "15.00", "rating": "4.50", "image_url": "https://encrypted-tbn0.gstatic.com/images?q=tbn:ANd9GcTvkIF8VcoVZ1BaN-3nxX37MTKBtDKsBzcm_pdDx4FsPTagZiBuvmlQ47BeB8b5FlsCTOHhIMil&usqp=CAc", "image": "football-shinpads.jpg"}}, {"model": "products.product", "pk": 28, "fields": {"category": 5, "sku": "pp5001340182", "name": "Football Free Kick Mannequin", "description": "Moulded plastic chest plates and steel tubes. Ideal for evasion training or free kick practice, For use on grass,Ideal for club use - ideally slots into the ground as sold", "has_sizes": false, "price": "32.99", "rating": "4.30", "image_url": "https://www.eurosoccercompany.com/equipment/training-equipment/free-kick-mannequins/diamond-club-quality-football-free-kick-mannequin-jnr-snr", "image": "football-freekick.jpg"}}, {"model": "products.product", "pk": 29, "fields": {"category": 5, "sku": "pp5001340183", "name": "Portable Goals", "description": "The Portable Goals are perfect for recreational play and small matches, complete with a handy carry bag for easy transportation and storage. This Goal Set includes 2 goal nets, easy to erect and set up with pegs securing them to the ground.", "has_sizes": false, "price": "22.99", "rating": "4.40", "image_url": "file:///C:/Users/manib/OneDrive/Documents/Code/MileStone%20Project%204/MileStone%20Project%204/Media/Products/Football/Equipment/portable-goals.jpg", "image": "portable-goals.jpg"}}, {"model": "products.product", "pk": 30, "fields": {"category": 5, "sku": "pp5001340184", "name": "Ball Bag", "description": "This ball bag is great for storing away footballs and carrying them to sessions, with a drawstring fastening that also acts as a handle for you to carry the bag on your shoulder. The football sack has mesh panels so you can see the balls inside as well.", "has_sizes": false, "price": "19.99", "rating": "4.20", "image_url": "https://encrypted-tbn0.gstatic.com/images?q=tbn:ANd9GcS9fNA3BA10ChjfA822Z7fmGQ4sDW4tDBUSQYPxS_AHAnY9QXlafPT0AiZOtPLnNaJeGd0lAlEz&usqp=CAc", "image": "ball-bag.jpg"}}, {"model": "products.product", "pk": 31, "fields": {"category": 2, "sku": "pp5001340185", "name": "England Top", "description": "This Nike England Pre Match Shirt 2020 has been developed with Dri-Fit technology which sweeps moisture away from your skin and dries quickly to maximise comfort", "has_sizes": true, "price": "69.99", "rating": "4.50", "image_url": "https://encrypted-tbn3.gstatic.com/shopping?q=tbn:ANd9GcQhUvK15TcOOys4X7S01LsSYhdgfX0aIOpIFeFnXWIwyGP5xDU2seIRh0E_RVKHEs5GD_pZ4zRXy96N0jZRsV9kiA6Pie0tJmyg5UMX4iAxczHwjMq68Eya&usqp=CAE", "image": "england-top.jpg"}}, {"model": "products.product", "pk": 32, "fields": {"category": 2, "sku": "pp5001340186", "name": "Liverpool Top", "description": "Dress like the pros on match days with this LFC Match Home Shirt for the 21/22 season which benefits from being engineered with Dri-FIT ADV technology which provides you the perfect combination of lightweight cooling, reduced cling, a precision fit and moisture-wicking comfort to help keep you feeling fresh and fast for the entire 90 minutes.", "has_sizes": true, "price": "69.99", "rating": "4.50", "image_url": "https://encrypted-tbn0.gstatic.com/images?q=tbn:ANd9GcTChApz7mxXHaQuhoNcqaClme8YwD4WMv65wNzlwi9zvJub5UE30l7U5zDvRanUZ07v1czQNCo&usqp=CAc", "image": "liverpool-top.jpg"}}, {"model": "products.product", "pk": 33, "fields": {"category": 2, "sku": "pp5001340187", "name": "Football Shorts", "description": "The Dry Training Shorts feature an elasticated waistband and drawstring fastening for a secure fit and are crafted from a lightweight Dry fabric with Dri-Fit to wick sweat away from the skin, keeping you dry and comfortable during your workout", "has_sizes": true, "price": "19.99", "rating": "4.30", "image_url": "https://encrypted-tbn0.gstatic.com/images?q=tbn:ANd9GcQ5UhTyGbRw_JGPJA2kEqEcmvg1CNo3S9DBRKnr4MFiHdhYL9g5CmqUqNCEf25gWOX3N5cFq2M&usqp=CAc", "image": "football-shorts.jpg"}}, {"model": "products.product", "pk": 34, "fields": {"category": 2, "sku": "pp5001340189", "name": "England Kit Shorts", "description": "These Nike England Shorts have been crafted with Nike Breathe fabric and Dri-Fit technology which keeps you feeling comfortable by enhancing breathability and wicking moisture away from your skin. The shorts have an elasticated waist and drawstring fastening for a secure fit and the iconic team crest allows you to show your admiration for the Three Lions.", "has_sizes": true, "price": "19.99", "rating": "4.30", "image_url": "https://encrypted-tbn0.gstatic.com/images?q=tbn:ANd9GcT-hhv0exQ3flhGUf7ELa1awqfcHLjK_ofOQcZ67bL04ipaIs21f1ZVrP-Efiep98RMp5BxFyY&usqp=CAc", "image": "england-shorts.jpg"}}, {"model": "products.product", "pk": 35, "fields": {"category": 2, "sku": "pp5001340190", "name": "Liverpool Kit Shorts", "description": "These LFC Home Shorts deliver incredible comfort by boosting breathability and wicking sweat away from the skin. The shorts have an elasticated waist and drawstring fastening for a snug fit, while the team crest allows you to showcase your support for The Reds and the Nike Swoosh branding completes the design.", "has_sizes": true, "price": "19.99", "rating": "4.40", "image_url": "https://encrypted-tbn0.gstatic.com/images?q=tbn:ANd9GcT-hhv0exQ3flhGUf7ELa1awqfcHLjK_ofOQcZ67bL04ipaIs21f1ZVrP-Efiep98RMp5BxFyY&usqp=CAc", "image": "liverpool-shorts.jpg"}}, {"model": "products.product", "pk": 36, "fields": {"category": 13, "sku": "pp5001340191", "name": "Bibs (Pack of 6)", "description": "The 6 Pack Mesh Bibs are great for your training sessions with the mesh construction for a lightweight and breathable design, finished off with Sondico branding to the front.", "has_sizes": true, "price": "14.99", "rating": "4.20", "image_url": "https://encrypted-tbn0.gstatic.com/images?q=tbn:ANd9GcS1zW4WPb7ZOo3664zRUyfTZnCfD4iIRXm6bQ&usqp=CAU", "image": "bibs.jpg"}}, {"model": "products.product", "pk": 37, "fields": {"category": 2, "sku": "pp5001340192", "name": "Football Coat", "description": "This Team Fall Jacket is crafted with full zip fastening and long sleeves for warmth. It features 2 pockets for a classic look and is a lightweight construction.", "has_sizes": true, "price": "44.99", "rating": "4.60", "image_url": "https://encrypted-tbn0.gstatic.com/images?q=tbn:ANd9GcQltmPBHaAlcLxMfUq3HLxxfoQDusC-BcSFBQ&usqp=CAU", "image": "football-coat.jpg"}}, {"model": "products.product", "pk": 38, "fields": {"category": 2, "sku": "pp5001340192", "name": "Football Fleece", "description": "This Team Fall Jacket is crafted with full zip fastening and long sleeves for warmth. It features 2 pockets for a classic look and is a lightweight construction.", "has_sizes": true, "price": "44.99", "rating": "4.60", "image_url": "https://encrypted-tbn0.gstatic.com/images?q=tbn:ANd9GcQltmPBHaAlcLxMfUq3HLxxfoQDusC-BcSFBQ&usqp=CAU", "image": "football-coat.jpg"}}, {"model": "products.product", "pk": 39, "fields": {"category": 6, "sku": "pp5001340193", "name": " Ladies Cricket Bat", "description": "This Slazenger V200 1+ Cricket Bat has been engineered with Grade 1 English willow, whilst the bat has a flat face with maximised edges which are rounded off to work together to deliver impressive power so you can make the boundary with ease. The bat has a mid-blade sweet spot which ensures great pick up and balance, whilst the semi-oval 12 piece cane delivers an optimal combination of power, control and flexibility. The bat has a hybrid grip so you can handle the bat with great control and the Slazenger branding completes the look.", "has_sizes": false, "price": "124.99", "rating": "4.60", "image_url": "https://encrypted-tbn0.gstatic.com/images?q=tbn:ANd9GcT_dq5mpnCa2DEH_aEl_ac6giRjLFsBL8bulVtodtyWs1Z-6FMSTrZiYoJ8VANUI_iGYcsCAzA&usqp=CAc", "image": "ladies-cricket-bat.jpg"}}, {"model": "products.product", "pk": 40, "fields": {"category": 6, "sku": "pp5001340194", "name": "Ladies Red Cricket Ball", "description": "Cork and rubber combination core cricket ball. Womens Red cricket ball, Hard shell lining for durability.", "has_sizes": false, "price": "25.99", "rating": "4.30", "image_url": "https://encrypted-tbn0.gstatic.com/images?q=tbn:ANd9GcTPLww36fD0qAP7FfRMd2zDxsI3p3a2yzFudTYSjRPEh-uYZHMrK_WAJMc7IIY&usqp=CAc", "image": "ladies-red-ball.jpg"}}, {"model": "products.product", "pk": 41, "fields": {"category": 6, "sku": "pp5001340195", "name": "Ladies White Cricket Ball", "description": "The Readers cricket balls are ideal for women's one day matches and 20/20 games. ", "has_sizes": false, "price": "25.99", "rating": "4.30", "image_url": "https://encrypted-tbn0.gstatic.com/images?q=tbn:ANd9GcQqhhiVrCbgVi69TZN9cA4s43fw5JnRmLaRl9m9iC46KVf0jNyg7MtreSMdisrEniRGlb9W4W84&usqp=CAc", "image": "ladies-white-ball.jpg"}}, {"model": "products.product", "pk": 42, "fields": {"category": 6, "sku": "pp5001340196", "name": "Stumps with Bails", "description": "Made From Finest Quality Hardwood. Spring Return Stumps are natural wooden stumps with strong cast iron base and heavy duty spring return mechanism.", "has_sizes": false, "price": "29.99", "rating": "4.50", "image_url": "https://www.sportsmaxx.co.uk/wp-content/uploads/2020/06/CRICKET-STUMP-150x150.jpg", "image": "cricket-stumps.jpg"}}, {"model": "products.product", "pk": 43, "fields": {"category": 6, "sku": "pp5001340197", "name": "Ladies Cricket Gloves", "description": "The Batting Gloves Ladies are perfect for training sessions and matches, crafted with a wide elasticated wrist cuff with a touch tape fastening strap for a secure fit while perforation holes to the palm that increase breathability. Padding to the fingers and back of the hand provide fantastic protection from impact damage while still allowing for movement with the fingers.", "has_sizes": false, "price": "29.99", "rating": "4.50", "image_url": "https://encrypted-tbn0.gstatic.com/images?q=tbn:ANd9GcR6J9Q6r8mjvcg5wqelbpXA7d7iNeyvbFTy_xQN58JyfipaXOak-87XH9ZhAh_yNdvjVunFf3ya&usqp=CAc", "image": "ladies-cricket-gloves.jpg"}}, {"model": "products.product", "pk": 44, "fields": {"category": 6, "sku": "pp5001340198", "name": "Ladies Cricket Thigh Gaurd", "description": "Contoured thigh guard with extra large inner thigh pad creates an all in one lower body protection system. Combination of high density foam for lightweight, high impact protection, Adjustable elastic straps ensure a custom and comfortable fit", "has_sizes": false, "price": "29.99", "rating": "4.30", "image_url": "https://encrypted-tbn0.gstatic.com/images?q=tbn:ANd9GcR0B8b2OtJaiVb7BdBfptBLdEQD9q8RYdENT1ysbozEqNvS158fF6yUvgrScg&usqp=CAc", "image": "ladies-thigh-gaurd.jpg"}}, {"model": "products.product", "pk": 45, "fields": {"category": 6, "sku": "pp5001340199", "name": "Ladies Cricket Arm Gaurd", "description": "The Arm Guard will absorb impact and stave off what would potentially be painful blows. The Premium PU Cover ensures the durability of the arm guard while maintaining its lightweight performance. The arm guard's towel backing works hard to absorb all moisture that can be generated when batting for long periods under intense pressure. Fitted with a stretchy strap, the arm guard is fully adjustable for a comfortable fit.", "has_sizes": false, "price": "20.00", "rating": "4.00", "image_url": "https://encrypted-tbn0.gstatic.com/images?q=tbn:ANd9GcRweWTZuTnid-xeJr8pLgalxBf75Rgfp28qsbnLlqi9EAdPiZWu9GNnjfTHqcII5GsrWaNGD7M&usqp=CAc", "image": "ladies-arm-gaurd.jpg"}}, {"model": "products.product", "pk": 46, "fields": {"category": 6, "sku": "pp5001340200", "name": "Ladies Cricket Bag", "description": "This Ladies cricket bag contains main storage compartment which is big enough to fit in the vast majority of your playing kit, essential for someone that has a lot of gear. Your pads and gloves will fit comfortably in here, with all your other internal protection. There’s an internal bat storage sleeve to keep your pride and joy as protected as possible. ", "has_sizes": false, "price": "49.99", "rating": "4.50", "image_url": "https://encrypted-tbn0.gstatic.com/images?q=tbn:ANd9GcS71XzEugwkdO8b_5rL-o1Kl0lluQzV2tGInQGPSJs07a8E9B4sDkte0fFnZp7KQgHhCHIR_y-1&usqp=CAc", "image": "ladies-cricket-bag.jpg"}}, {"model": "products.product", "pk": 47, "fields": {"category": 6, "sku": "pp5001340201", "name": "Ladies Batting Pads", "description": "Ladies cricket batting pads with excellent padding for comfort and protection, High density expanded foam shin and top hat sections for high shock absorbency. Contoured inner with dual density foam protection. Traditional 7 cane shin section, Lightweight PU covering high density rounded foam protection with mesh comfort zone, Extra wide knee roll for added comfort and protection. Hard wearing instep with extra padding", "has_sizes": false, "price": "39.99", "rating": "4.60", "image_url": "https://encrypted-tbn0.gstatic.com/images?q=tbn:ANd9GcRuFXPepSbuOoOQ7Mg4crUXc4kQBIsiYlTqSQ&usqp=CAU", "image": "ladies-batting-pads.jpg"}}, {"model": "products.product", "pk": 48, "fields": {"category": 6, "sku": "pp5001340202", "name": "Ladies Wickets Keeping Gloves", "description": "Unique Kookaburra catching cup (KCC) - cotton. The Kookaburra Catching Cup uses unique padding and flex points within the palm to provide a perfect enclosure around the ball.", "has_sizes": false, "price": "35.00", "rating": "4.50", "image_url": "https://encrypted-tbn0.gstatic.com/images?q=tbn:ANd9GcR_YBx9iwiKQ8CA2Sjyl0m1SNztnzpim_yqxA&usqp=CAU", "image": "ladies-wicketkeeping-gloves.jpg"}}, {"model": "products.product", "pk": 49, "fields": {"category": 3, "sku": "pp5001340203", "name": "Ladies Cricket Bottoms", "description": "Flat coulisse. Side pockets. Micromesh insert on the back of the knee and the sides.", "has_sizes": true, "price": "34.99", "rating": "4.60", "image_url": "https://encrypted-tbn0.gstatic.com/images?q=tbn:ANd9GcSRYadrzLmNyMmfBFjPePmsS_Yl1jwbpFL7zmDmoPhS0-UKUo0MSYjPz4QsWia0p_MoksemRrc&usqp=CAc", "image": "ladies-cricket-bottoms.jpg"}}, {"model": "products.product", "pk": 50, "fields": {"category": 3, "sku": "pp5001340204", "name": "Ladies Cricket Sweater", "description": "Women V Neck Knitted Cricket Jumper Ladies Plain Long Sleeves Casual Sweater Top", "has_sizes": true, "price": "44.99", "rating": "4.70", "image_url": "https://encrypted-tbn0.gstatic.com/images?q=tbn:ANd9GcQ2c8rECSLcTXYcBgUU7759ZWl7UIyk8ZmDyg&usqp=CAU", "image": "ladies-cricket-sweater.jpg"}}, {"model": "products.product", "pk": 51, "fields": {"category": 4, "sku": "pp5001340205", "name": "Ladies Cricket Cap", "description": "Ladies Designed to fit all head sizes, we've made the Melton Cap with an elasticated headband that gives the user a secure and comfortable fit, giving you peace of mind when are diving for the ball.", "has_sizes": false, "price": "22.99", "rating": "4.60", "image_url": "https://encrypted-tbn0.gstatic.com/images?q=tbn:ANd9GcQ33uE1F-Cmbi38ciYp_P906GjSldj4IKEVJH5hfYDoo9EyXePC8GK8tg8TF28Zx6UxFsXdyJ8&usqp=CAc", "image": "cricket-cap.jpg"}}, {"model": "products.product", "pk": 52, "fields": {"category": 4, "sku": "pp5001340205", "name": "Ladies Cricket Jacket", "description": "This Ladies England Cricket Rain Jacket benefits from being constructed with a water repellent outer fabric to help keep you dry and comfortable in wet conditions, whilst the side pockets allow you to store belongings securely and the team crest means you can showcase your support for the team even if the cricket has been delayed.", "has_sizes": false, "price": "44.99", "rating": "4.70", "image_url": "https://encrypted-tbn0.gstatic.com/images?q=tbn:ANd9GcR3BPK4ZT5pCifaPZXG0ceszk4sQc-yNkjk6GQsgpthMJbemU7WtCFlVqO_0PEGwbqUpKXCPNHz&usqp=CAc", "image": "ladies-cricket-jacket.jpg"}}, {"model": "products.product", "pk": 53, "fields": {"category": 4, "sku": "pp5001340206", "name": "Ladies Cricket Blazer", "description": "Combed cotton adds softness to this single-breasted blazer, which is cut in a slim profile for a tailored look. A monogrammed bullion patch on the chest elevates its smart and sophisticated appeal", "has_sizes": false, "price": "64.99", "rating": "4.80", "image_url": "https://www.ralphlauren.co.uk/en/bullion-combed-cotton-blazer-3616530100201.html?utm_source=googleshopping&utm_medium=paidsearch&utm_campaign=alwayson&utm_term=googleshopping&utm_content=crid494574959235_campaign12178260143_adgroup117812606355_tidpla-297612067635&gclid=Cj0KCQjwlMaGBhD3ARIsAPvWd6j6itqqbWEv3s7QptbD6HtZxlrd6ZnYSqglZGxHp_G8UK2EIhRXzykaAibWEALw_wcB", "image": "ladies-cricket-blazer.jpg"}}, {"model": "products.product", "pk": 54, "fields": {"category": 7, "sku": "pp5001340207", "name": "Ladies Football Top", "description": "Crafted with Nike Breathe fabric and Dri-Fit technology to keep you feeling fresh and comfortable on and off the pitch.", "has_sizes": true, "price": "24.99", "rating": "4.40", "image_url": "https://www.ralphlauren.co.uk/en/bullion-combed-cotton-blazer-3616530100201.html?utm_source=googleshopping&utm_medium=paidsearch&utm_campaign=alwayson&utm_term=googleshopping&utm_content=crid494574959235_campaign12178260143_adgroup117812606355_tidpla-297612067635&gclid=Cj0KCQjwlMaGBhD3ARIsAPvWd6j6itqqbWEv3s7QptbD6HtZxlrd6ZnYSqglZGxHp_G8UK2EIhRXzykaAibWEALw_wcB", "image": "ladies-football-top.jpg"}}, {"model": "products.product", "pk": 55, "fields": {"category": 7, "sku": "pp5001340208", "name": "Ladies Football Shorts", "description": "These Football Shorts are crafted with an elasticated waistband and drawstring fastening for a classic look. They feature flat lock seams to prevent chafing and DriFit technology to keep the skin cool, dry and comfortable.", "has_sizes": true, "price": "14.99", "rating": "4.40", "image_url": "https://encrypted-tbn0.gstatic.com/images?q=tbn:ANd9GcSphkPDz5IwrWW4X-jzhS_sC0PikV_6qj1B05EUMADKQKB63ZRDsYTxGorCeBv97i4rdLB7SRQg&usqp=CAc", "image": "ladies-football-shorts.jpg"}}, {"model": "products.product", "pk": 56, "fields": {"category": 7, "sku": "pp5001340209", "name": "Ladies Liverpool Top", "description": "This Ladies Liverpool Home Shirt for the 21/22 season has been developed with Nike Breathe fabric and Dri-Fit technology which delivers the perfect combination of moisture wicking comfort and cooling breathability whether you are playing a full 90 minutes or representing your club.", "has_sizes": true, "price": "34.99", "rating": "4.60", "image_url": "https://encrypted-tbn0.gstatic.com/images?q=tbn:ANd9GcRa46gFumtucF14rfsWiItHBiGn8PXy9ASauhvItR6kUZAYP91oFs4j3rWEmCFYv6fij8QbMls&usqp=CAc", "image": "ladies-liverpool-top.jpg"}}, {"model": "products.product", "pk": 57, "fields": {"category": 7, "sku": "pp5001340210", "name": "Ladies Liverpool Shorts", "description": "Shorts pair replica design details with sweat-wicking fabric to give you a game-ready look inspired by your favourite team.This product is made from 100% recycled polyester fibres.", "has_sizes": true, "price": "19.99", "rating": "4.60", "image_url": "https://encrypted-tbn0.gstatic.com/images?q=tbn:ANd9GcSDukf4I_-cDw-vhPdW0pQ0SB-93To6nUU3VZFHQUtD5_MkBhNeTrb4EPhVkqTkbxf-DWUJEqM&usqp=CAc", "image": "ladies-liverpool-shorts.jpg"}}, {"model": "products.product", "pk": 58, "fields": {"category": 7, "sku": "pp5001340211", "name": "Ladies Football Joggers", "description": " These are crafted with supreme fabric - Vaporknit, which is lightweight, breathable and quick-drying, ideal for exercise. These soft pants have been crafted in a regular fit with an elasticated waistband and adjustable drawstring, to provide a more personalised, secure fit.", "has_sizes": true, "price": "29.99", "rating": "4.50", "image_url": "https://encrypted-tbn0.gstatic.com/images?q=tbn:ANd9GcSi1iqj3bx5R6kKZ-k8OswWNo9DZeTALby3QgqOeIk9Xa14jYwyeJcAJ6-mgvuSB2ui72g-yJhd&usqp=CAc", "image": "ladies-football-joggers.jpg"}}, {"model": "products.product", "pk": 59, "fields": {"category": 7, "sku": "pp5001340212", "name": "Ladies Football Coat", "description": "Waterproof football parka that has a hood, pockets, and an adjustment zipper, to make it easier for you to move around and train outside in cold, wet or windy weather, we have designed this long, waterproof, comfortable, practical parka.", "has_sizes": true, "price": "64.99", "rating": "4.60", "image_url": "https://encrypted-tbn0.gstatic.com/images?q=tbn:ANd9GcQlv0MRd16nFTLGHe7QgFtPZsgowVD-CyrWQ2YzuxXYHTHj-70janFYa_LHcCsp6lZPwYEC2jk&usqp=CAc", "image": "ladies-football-coat.jpg"}}, {"model": "products.product", "pk": 60, "fields": {"category": 10, "sku": "pp5001340260", "name": "Kids Cricket Helmet", "description": "The Junior Cricket Helmet has a ABS shell with fabric cover, alongside black bead EPS for shock absorption with comfort ventilation channels and a soft polyurethane comfort lining. This helmet also has a 4mm wire grill with 5mm top wire for added facial protection, finished with a dial adjuster at the rear for a customisable fit. Junior: 53-57cm.", "has_sizes": false, "price": "64.99", "rating": "4.50", "image_url": "https://encrypted-tbn0.gstatic.com/images?q=tbn:ANd9GcSkXyTyGSCSK9wQkyyTENdDBiKo-FdxWl-r6Q&usqp=CAU", "image": "kids-helmet.jpg"}}, {"model": "products.product", "pk": 61, "fields": {"category": 10, "sku": "pp5001340261", "name": "Kids Cricket Bat", "description": "This Slazenger Panther Cricket Bat is constructed with a gripped handle for good control and is complete with Slazenger branding.", "has_sizes": false, "price": "24.99", "rating": "4.40", "image_url": "https://encrypted-tbn0.gstatic.com/images?q=tbn:ANd9GcSKakXR26EIoLiSxITB1lhFI1CGOR7Wlo9ieugwRIY8VhjwheDa0d018Jn9q34&usqp=CAc", "image": "kids-bat.jpg"}}, {"model": "products.product", "pk": 62, "fields": {"category": 10, "sku": "pp5001340262", "name": "Kids Red Cricket Ball", "description": "4.5oz League Cricket Ball is perfect for practicing your technique and is ideal for junior matches. The ball features vegetable tanned leater and a moulded cork centre for a quality finish.", "has_sizes": false, "price": "4.99", "rating": "4.50", "image_url": "https://encrypted-tbn0.gstatic.com/images?q=tbn:ANd9GcQ_7p2XwsRRrcN8tWjZHPFrMcIxwZDAoDASeQ&usqp=CAU", "image": "kids-red-ball.jpg"}}, {"model": "products.product", "pk": 63, "fields": {"category": 10, "sku": "pp5001340263", "name": "Kids White Cricket Ball", "description": "4.5oz Super safe real feel of Coca Bora Ball and Risk Free, Hand Stitched Taylor made Seam, Swing, Spin & give Perfect Grip.", "has_sizes": false, "price": "4.99", "rating": "4.50", "image_url": "https://encrypted-tbn0.gstatic.com/images?q=tbn:ANd9GcRGi4keduW2B3M94dTxiW1b57nStIC1qGOCsHcGy1fXEK5v-1-MbLnRHYGkhRJCqbychbFYg6bl&usqp=CAc", "image": "kids-white-ball.jpg"}}, {"model": "products.product", "pk": 64, "fields": {"category": 10, "sku": "pp5001340264", "name": "Stumps and Bails", "description": "The Spring Return Wooden Stumps and Bails are solid wooden 28inch, stumps on a cast iron base. The stumps are perfect to be used for matches, cricket nets or in the garden.", "has_sizes": false, "price": "24.99", "rating": "4.20", "image_url": "https://encrypted-tbn0.gstatic.com/images?q=tbn:ANd9GcQbg_cEm3CC8wAvH3RqFqrZx4M6cOSv-IsGBJh_B6jAa6v8R61nLoXBnmEuSR5zLjPHapdmjuvH&usqp=CAc", "image": "kids-stumps.jpg"}}, {"model": "products.product", "pk": 65, "fields": {"category": 10, "sku": "pp5001340265", "name": "Batting Gloves", "description": "The entry level batting gloves are the ideal product for aspiring young cricketers and those new to the game. Great comfort and suitable levels of protection combine to make a great looking glove.", "has_sizes": false, "price": "19.99", "rating": "4.60", "image_url": "https://encrypted-tbn0.gstatic.com/images?q=tbn:ANd9GcR1Ky5KL2vKmrRQv0eTi7uGLdhgMCOMCWocjA&usqp=CAU", "image": "kids-cricket-gloves.jpg"}}, {"model": "products.product", "pk": 66, "fields": {"category": 10, "sku": "pp5001340266", "name": "Thigh Pad", "description": "Designed as batting protection, this lightweight pad then comes moulded with impact absorption foam, some flexible wrap around panels and an ambidextrous fit. Perfect for keeping your young one safe in cricket.", "has_sizes": false, "price": "9.99", "rating": "4.10", "image_url": "https://encrypted-tbn0.gstatic.com/images?q=tbn:ANd9GcR9pigbZJabw9KJwBccSV6EL9rfn07szCvSyIzGz567Ps11BhXQEnvgikS_xXFcuI5Uq5Be4DI&usqp=CAc", "image": "kids-thigh-gaurd.jpg"}}, {"model": "products.product", "pk": 67, "fields": {"category": 10, "sku": "pp5001340267", "name": "Arm Gaurd", "description": "Designed as batting protection, this lightweight pad then comes moulded with impact absorption foam, some flexible wrap around panels and an ambidextrous fit. Perfect for keeping your young one safe in cricket.", "has_sizes": false, "price": "9.99", "rating": "4.10", "image_url": "https://encrypted-tbn0.gstatic.com/images?q=tbn:ANd9GcRUZjDB57UcOnmOUg7Q4tA9devxr4ZqK9vZ1Q&usqp=CAU", "image": "kids-arm-gaurd.jpg"}}, {"model": "products.product", "pk": 68, "fields": {"category": 10, "sku": "pp5001340268", "name": "Batting Pads", "description": "These Batting Pads have been engineered with 3D flex knee fit protection for added comfort, whilst the slimline lightweight ambidextrous wing fit makes the pads perfect for left and right handed batsmen. The pads have a contoured internal shin guard with foam padding for comfort, whilst the three touch and close straps ensure you get a secure fit", "has_sizes": false, "price": "39.99", "rating": "4.60", "image_url": "https://encrypted-tbn0.gstatic.com/images?q=tbn:ANd9GcSCDjR0I-0UREEx4MIvs8sUc1E7wvo_r9VHZA&usqp=CAU", "image": "kids-batting-pads.jpg"}}, {"model": "products.product", "pk": 69, "fields": {"category": 10, "sku": "pp5001340269", "name": "Kids Cricket Bag", "description": "Suitable for Kids. The main storage compartment is big enough to fit in the vast majority of your playing kit, essential for someone that has a lot of gear. Your pads and gloves will fit comfortably in here, with all your other internal protection. There’s an internal bat storage sleeve to keep your pride and joy as protected as possible. ", "has_sizes": false, "price": "35.00", "rating": "4.50", "image_url": "https://encrypted-tbn0.gstatic.com/images?q=tbn:ANd9GcTHGxD3dijwm0V7Dhbba4Qzs4m1fK3cyPOGywd5Aw1cUizpv8plFlompTb4-3ib11mzvFk06k4&usqp=CAc", "image": "kids-cricket-bag.jpg"}}, {"model": "products.product", "pk": 70, "fields": {"category": 10, "sku": "pp5001340270", "name": "Wickets Keeping Gloves", "description": "Suitable for Kids. The Prestige WicketKeeping gloves are a high class, high-performance glove that has been designed and refined by our product team in Robertsbridge. Sitting within the Classic range, the Prestige ooze class with their predominantly white colourway.", "has_sizes": false, "price": "20.00", "rating": "4.20", "image_url": "https://encrypted-tbn0.gstatic.com/images?q=tbn:ANd9GcRBYPQmWQKT49pf_AR59wp7uudNlRY2Tf-3NCDK5lSNR2JxLPQ3Yzo28ix8fZnYJJtnGh5V07w&usqp=CAc", "image": "kids-wicketkeeping-gloves.jpg"}}, {"model": "products.product", "pk": 71, "fields": {"category": 9, "sku": "pp5001340271", "name": "Kids Cricket Top", "description": "TRADITIONAL RAGLAN SLEEVE. ICONIC NIKE CRICKET SIDE SEAM. FULL MESH BACK PANEL TO MAXIMIZE COOLING. ICONIC NIKE CRICKET DROP TAIL AND VENT TO ENSURE COVERAGE WHILE NEVER RESTRICTING THE ATHLETE. BACK NECK TAPE FOR CLEAN INTERNAL FINISH", "has_sizes": true, "price": "24.99", "rating": "4.60", "image_url": "https://encrypted-tbn0.gstatic.com/images?q=tbn:ANd9GcRBYPQmWQKT49pf_AR59wp7uudNlRY2Tf-3NCDK5lSNR2JxLPQ3Yzo28ix8fZnYJJtnGh5V07w&usqp=CAc", "image": "kids-cricket-top.jpg"}}, {"model": "products.product", "pk": 72, "fields": {"category": 9, "sku": "pp5001340272", "name": "Kids Cricket Joggers", "description": "These Trousers haven been crafted with an elasticated waistband for a comfortable and secure fit while out on the pitch. These Slazenger cricket trousers also feature two open pockets to the front and are completed with the Slazenger logo embroidered to the mid left thigh.", "has_sizes": true, "price": "29.99", "rating": "4.50", "image_url": "https://encrypted-tbn0.gstatic.com/images?q=tbn:ANd9GcR8ry16ey2W4Uu9B9fXRc-_vGwPdYqk9I8EVBmum2agRRT9_rHpEVlar1-tNZsYc0tsYueFRfQ&usqp=CAc", "image": "kids-cricket-joggers.jpg"}}, {"model": "products.product", "pk": 73, "fields": {"category": 9, "sku": "pp5001340273", "name": "Kids Cricket Coat", "description": "Karrimor's Charcoal 3 in 1 Jacket is windpoof, waterproof, and breathable, making it the perfect garment for those chilly months. As well as the weatherproof jacket, the 3 in1 is crafted with a removable internal fleece, making this a truly versatile Autumn / Winter piece.", "has_sizes": true, "price": "39.99", "rating": "4.40", "image_url": "https://encrypted-tbn0.gstatic.com/images?q=tbn:ANd9GcSSw8sDk8ZlGR20vRFbZQDW55yTF24wJT3sQG1XKfXpLtAc11hGYRZDPAucYlAFt3B3HGNNEKA&usqp=CAc", "image": "kids-cricket-coat.jpg"}}, {"model": "products.product", "pk": 74, "fields": {"category": 9, "sku": "pp5001340274", "name": "Kids Cricket Sweater", "description": "For this cricket jumper, Ralph Lauren updates the iconic original with cotton-and-cashmere yarn and an embroidered shield. Its wide rib-knit hem is a vintage-inspired detail, as it was once necessary for keeping it tucked in while playing the sport.", "has_sizes": true, "price": "44.99", "rating": "4.60", "image_url": "https://encrypted-tbn0.gstatic.com/images?q=tbn:ANd9GcRn336BhJIjQci76K_7g4m0EJUZpuPLjjvIwA&usqp=CAU", "image": "kids-cricket-sweater.jpg"}}, {"model": "products.product", "pk": 75, "fields": {"category": 12, "sku": "pp5001340275", "name": "Kids Football Top", "description": "Junior Nike England Home Shirt 2020 which has been crafted with Nike Breathe fabric and Dri-Fit technology which allows you to be at your best on and off the pitch thanks to the superior breathability and moisture wicking capabilities.", "has_sizes": false, "price": "24.99", "rating": "4.30", "image_url": "https://encrypted-tbn0.gstatic.com/images?q=tbn:ANd9GcRvWTSjFk5PyehZmVesWpEpUll15-JgPDzzAg&usqp=CAU", "image": "kids-football-top.jpg"}}, {"model": "products.product", "pk": 76, "fields": {"category": 12, "sku": "pp5001340276", "name": "Kids Football Shorts", "description": "These Junior Nike England Home Shorts 2020 have been crafted with Nike Breathe fabric and Dri-Fit technology which keeps you feeling comfortable by enhancing breathability and wicking moisture away from your skin. The shorts have an elasticated waist and drawstring fastening for a secure fit and the iconic team crest allows you to show your admiration for the Three Lions.", "has_sizes": false, "price": "14.99", "rating": "4.00", "image_url": "https://encrypted-tbn0.gstatic.com/images?q=tbn:ANd9GcS4d95Y7AnC5LZhQW5EN2QnbUfWXuuGJA0-ytVQLmrRcfXRL6-JdlJnwWk2jaZUnE7YlEybeAk&usqp=CAc", "image": "kids-football-shorts.jpg"}}, {"model": "products.product", "pk": 77, "fields": {"category": 12, "sku": "pp5001340277", "name": "Kids Liverpool Top", "description": "Little size. Lots of comfort. Future champions need the uniform to match. The LFC Nike Infant Home Kit 21/22 includes a jersey, shorts and socks for a complete look inspired by the elite. Breathable fabric feels soft and keeps sweat off their skin for all-day comfort.", "has_sizes": false, "price": "44.99", "rating": "4.70", "image_url": "https://encrypted-tbn0.gstatic.com/images?q=tbn:ANd9GcREKNGVjFeGEipEnU95kQWa1BI5UiTBd8cqE7rHPFklu9fe2ajZH_QLGzSnZQ&usqp=CAc", "image": "kids-liverpool-top.jpg"}}, {"model": "products.product", "pk": 78, "fields": {"category": 12, "sku": "pp5001340278", "name": "Kids Liverpool Shorts", "description": "The LFC Nike Junior Home Stadium Shorts 21/22 give you the same look worn on the field by your favorite players. Highly breathable fabric helps keep sweat off your skin, so you stay comfortable.", "has_sizes": false, "price": "24.99", "rating": "4.40", "image_url": "https://encrypted-tbn0.gstatic.com/images?q=tbn:ANd9GcTdMmAoArW9V-CG3cOAYdtVS8egmVuywmdItbjt2j_tvxjtmalVISxd6u4o6VfQ7pOa5NdyPto&usqp=CAc", "image": "kids-liverpool-shorts.jpg"}}, {"model": "products.product", "pk": 79, "fields": {"category": 12, "sku": "pp5001340279", "name": "Kids Football Coat", "description": "The Sondico Rain Jacket provide protection from the elements thanks to a lightweight polyester construction with lined hood, full zip and touch and close storm flap. This kids jacket benefits from a breathable inner lining for ventilation, and sports elasticated wrist cuffs and a toggle hem to the waistband for an adjustable fit.", "has_sizes": false, "price": "30.00", "rating": "4.50", "image_url": "https://encrypted-tbn0.gstatic.com/images?q=tbn:ANd9GcQu7GoERPsnU41LhLQaf42IJOAdwPRDtZ3U8xa-OKRt-ktUgYVUO5S4LPr1hWJnE011gnwonus&usqp=CAc", "image": "kids-football-coat.jpg"}}, {"model": "products.product", "pk": 80, "fields": {"category": 12, "sku": "pp5001340280", "name": "Kids Football Joggers", "description": "The Nike Libero Boys Football training bottoms with Dri-FIT technology which are ideal for all types of sports and training.", "has_sizes": false, "price": "25.00", "rating": "4.30", "image_url": "https://encrypted-tbn0.gstatic.com/images?q=tbn:ANd9GcQN_VTIOODg9WyZn-IxWMX5dzeWwv96174SzA&usqp=CAU", "image": "kids-joggers.jpg"}}, {"model": "products.product", "pk": 81, "fields": {"category": 11, "sku": "pp5001340281", "name": "Junior Size Football", "description": "The Uniforia junior's ball's bold appearance takes its cue from the football adidas made for Europe's top international tournamen", "has_sizes": true, "price": "20.99", "rating": "4.40", "image_url": "https://encrypted-tbn0.gstatic.com/images?q=tbn:ANd9GcTiJETX1wGWpMXiFmRQ3tH7U0QmqTQyxGtj4LhVmZmkoYJhAez4sQktgnylgqo3zjl12ACaJQrs&usqp=CAc", "image": "kids-football.jpg"}}, {"model": "products.product", "pk": 82, "fields": {"category": 11, "sku": "pp5001340282", "name": "Junior Shin Pads", "description": "These Shin Guards absorb impacts while keeping you comfortable. You can play your game with complete confidence thanks to the attached ankle guards. The hook-and-loop straps ensure everything stays exactly where you need it.", "has_sizes": true, "price": "14.99", "rating": "4.60", "image_url": "https://encrypted-tbn0.gstatic.com/images?q=tbn:ANd9GcS9NHJUxfsLYxgD84ztoywfoeii3RG5jBgFypenNbkolbNmjLiaL-UaTZ3vgKgm4xuv4PjYhZtH&usqp=CAc", "image": "kids-shin-pads.jpg"}}, {"model": "products.product", "pk": 83, "fields": {"category": 11, "sku": "pp5001340283", "name": "Junior Goals Post", "description": "Inner dimensions = 180 x 120 x 90 cm.Tube diameter: 41mm. Product weight = 9.8 kg", "has_sizes": true, "price": "45.99", "rating": "4.40", "image_url": "https://encrypted-tbn0.gstatic.com/images?q=tbn:ANd9GcS-OrYy-SRPeAwOyLBW9Xmuw1X3mcnE-kT7Mw&usqp=CAU", "image": "kids-goals.jpg"}}, {"model": "products.product", "pk": 84, "fields": {"category": 11, "sku": "pp5001340284", "name": "Junior Football Kit Bag", "description": "The Nike Academy Team Hard-Case Duffel Bag is a durable design built to keep you organised. Its hard bottom helps keep your gear safe, while multiple carrying points give you options when going to and from the pitch.", "has_sizes": true, "price": "30.00", "rating": "4.40", "image_url": "https://encrypted-tbn0.gstatic.com/images?q=tbn:ANd9GcQNHYXSW_bd9y_cn1g_zqfpHGkW_CRqD_the1-q-jGL3v1hru9gYf3Y3FV06sPDWokrCPwfhrg8&usqp=CAc", "image": "kids-football-bag.jpg"}}, {"model": "products.product", "pk": 85, "fields": {"category": 13, "sku": "pp5001340285", "name": "Socks", "description": "The Classic II socks feature Nike Dri-Fit technology which wicks moisture from the skin as you play. They also have an articulated footbed for a snug, comfortable fit.", "has_sizes": true, "price": "9.99", "rating": "4.60", "image_url": "https://encrypted-tbn0.gstatic.com/images?q=tbn:ANd9GcQTYQ0oB2D1JegZeN_iDf7bwxUIFofJiuRa-w&usqp=CAU", "image": "socks.jpg"}}, {"model": "products.product", "pk": 86, "fields": {"category": 13, "sku": "pp5001340286", "name": "Core Base Layer", "description": "Long Sleeved Core Base Layer Top offers a compression fit coupled with an elastic hem for a secure, comfortable fit while training or during a match. This base layer top also features Optivent technology for breathability and is complete with Sondico branding to the chest and back. ", "has_sizes": true, "price": "15.99", "rating": "4.50", "image_url": "https://encrypted-tbn0.gstatic.com/images?q=tbn:ANd9GcRJk5o_dleia_fu9NMQOCGR6jhrc3kLZx1jJqxhSwnlxujnfuSxkjKWqdP-ME0kjztctaPuCWca&usqp=CAc", "image": "base-layer.jpg"}}, {"model": "products.product", "pk": 87, "fields": {"category": 13, "sku": "pp5001340287", "name": "Women's base layer", "description": "A soft and stretchy tank top with a sleek, feminine design for everyday layering comfort, the Siren Tank features our durable and incredibly soft corespun merino wool blend fabric.", "has_sizes": true, "price": "11.99", "rating": "4.20", "image_url": "https://encrypted-tbn0.gstatic.com/images?q=tbn:ANd9GcRhon-_AqIvP--bDoKqdQtJeZUjcvxxfamUBuAD-pXl4aSv0rAeXYl7FguBfRTxfVfggkFs5TE&usqp=CAc", "image": "ladies-base-layer.jpg"}}, {"model": "products.product", "pk": 88, "fields": {"category": 13, "sku": "pp5001340288", "name": "Wrist Bands", "description": "Don't let sweat ruin your focus and concentration during intense sport by wearing the Nike Swoosh Wristband 2 Pack. Featuring a one-size-fits-all stretch fit and complete with a Nike Swoosh to either sweatband.", "has_sizes": true, "price": "4.55", "rating": "4.10", "image_url": "https://encrypted-tbn0.gstatic.com/images?q=tbn:ANd9GcTUWgGZ__2f3551sgY78k6fOxOdepbXxgaQAsP9X7acwVkG3mMdm8SPHsLqusrsPv-wJt0zEDI2&usqp=CAc", "image": "arm-bands.jpg"}}, {"model": "products.product", "pk": 89, "fields": {"category": 13, "sku": "pp5001340289", "name": "Snood Unisex", "description": "The Nike Strike Snood is perfect for training sessions or everyday wear, featuring a lightweight fleece construction with flat lock seams for a warm and comfortable fit, completed with the Nike Swoosh branding.", "has_sizes": true, "price": "9.99", "rating": "4.20", "image_url": "https://encrypted-tbn0.gstatic.com/images?q=tbn:ANd9GcQ2Ekl3g0qGNUVhJD8TyzjVb7T5CogIKUo6c6_eV9Xn-KX4RpiiYSNxvOje0Qjjb5FTfiK-WoQa&usqp=CAc", "image": "snood.jpg"}}, {"model": "products.product", "pk": 90, "fields": {"category": 13, "sku": "pp5001340290", "name": "Tri Fold Towel", "description": "Ideal for any sports person, the Callaway Tri Fold Towel brings a highly absorbent and easily transportable piece of equipment.", "has_sizes": true, "price": "4.99", "rating": "4.10", "image_url": "https://encrypted-tbn0.gstatic.com/images?q=tbn:ANd9GcShBxH8U8wpcCpiS7Bypp6SaJ46VVP2OcW_Ubx-1YNO8hClNNeOTkYunzAo4CT5ivxo6ch4g_z3&usqp=CAc", "image": "towel.jpg"}}, {"model": "products.product", "pk": 91, "fields": {"category": 14, "sku": "pp5001340291", "name": "Water Bottles ", "description": "Keep your thirst quenched when you're exercising with the Nike Water Bottle, featuring a screw cap for easy refills and a Nike Swoosh and stripe design to the centre.", "has_sizes": false, "price": "4.99", "rating": "4.50", "image_url": "https://encrypted-tbn0.gstatic.com/images?q=tbn:ANd9GcSNIqn_GB58uZZkWg0OJ9JtBfziIH9K8yYDYoBi_qkw_cHMcgPxM4UfCn9Eiz6kjIbSSMcgem5_&usqp=CAc", "image": "bottles.jpg"}}, {"model": "products.product", "pk": 92, "fields": {"category": 14, "sku": "pp5001340292", "name": "Training Cones", "description": "The classic Diamond Spacemarker training cone is a staple in any football training session. This product is made with non-recycled plastic and UV filters for a true and bright colour.", "has_sizes": false, "price": "9.99", "rating": "4.20", "image_url": "https://encrypted-tbn0.gstatic.com/images?q=tbn:ANd9GcTzcGzLzCQDv_kjfXgld0ZANAjopik9xuPAFQ&usqp=CAU", "image": "cones.jpg"}}, {"model": "products.product", "pk": 93, "fields": {"category": 14, "sku": "pp5001340293", "name": "Spike Poles", "description": "Pole made up of durable PVC plastic. Bottom spring is covered with Molded rubber to avoid injuries.", "has_sizes": false, "price": "3.99", "rating": "4.10", "image_url": "https://encrypted-tbn0.gstatic.com/images?q=tbn:ANd9GcRuu0779TAwun6RSSxte2tGTbbSjSIkRe3-dw&usqp=CAU", "image": "spike-pole.jpg"}}, {"model": "products.product", "pk": 94, "fields": {"category": 14, "sku": "pp5001340294", "name": "Hurdles", "description": "The Sondico Hurdle is an essential for training sessions", "has_sizes": false, "price": "4.95", "rating": "4.50", "image_url": "https://encrypted-tbn0.gstatic.com/images?q=tbn:ANd9GcRJIO_ELqwpngG4F74sR7KTY7CkndWQzGN5CMNwMThNVFbnKADGiu2iKZVDfpVtMW5akoBPdUk&usqp=CAc", "image": "hurdle.jpg"}}, {"model": "checkout.order", "pk": 3, "fields": {"order_number": "0A296DFDD4CF4D77AE76906FE04E1A38", "user_profile": null, "full_name": "mm", "email": "manib58@live.co.uk", "phone_number": "123456", "country": "England", "postcode": "ws20ee", "town_or_city": "walsall", "street_address1": "79", "street_address2": "morris", "county": null, "date": "2021-06-13T20:17:57.150Z", "delivery_cost": "2.50", "order_total": "24.99", "grand_total": "27.49", "original_bag": "", "stripe_pid": ""}}, {"model": "checkout.order", "pk": 4, "fields": {"order_number": "B9FD74FBCADB44B58CB839D21E8A700A", "user_profile": null, "full_name": "Manbir Singh", "email": "manib58@live.co.uk", "phone_number": "123456", "country": "England", "postcode": "ws20ee", "town_or_city": "walsall", "street_address1": "79", "street_address2": "morris", "county": "1", "date": "2021-06-13T20:59:29.071Z", "delivery_cost": "3.00", "order_total": "29.99", "grand_total": "32.99", "original_bag": "", "stripe_pid": ""}}, {"model": "checkout.order", "pk": 5, "fields": {"order_number": "1839A5B5C8D54B78B4A61C4672C0F257", "user_profile": null, "full_name": "Manbir Singh", "email": "manib58@live.co.uk", "phone_number": "123456", "country": "GB", "postcode": "ws20ee", "town_or_city": "walsall", "street_address1": "79", "street_address2": "morris", "county": null, "date": "2021-06-14T12:37:23.886Z", "delivery_cost": "0.00", "order_total": "180.98", "grand_total": "180.98", "original_bag": "", "stripe_pid": ""}}, {"model": "checkout.order", "pk": 6, "fields": {"order_number": "35A3A61EBD04491EAE0829E6DA6C9B74", "user_profile": null, "full_name": "Manbir Singh", "email": "manib58@live.co.uk", "phone_number": "123456", "country": "GB", "postcode": "ws20ee", "town_or_city": "walsall", "street_address1": "79", "street_address2": "morris", "county": null, "date": "2021-06-14T12:42:15.112Z", "delivery_cost": "0.00", "order_total": "104.98", "grand_total": "104.98", "original_bag": "", "stripe_pid": ""}}, {"model": "checkout.order", "pk": 7, "fields": {"order_number": "0FFE0D9A979D46E39A060993DC5E132A", "user_profile": null, "full_name": "Manbir Singh", "email": "manib58@live.co.uk", "phone_number": "123456", "country": "GB", "postcode": "ws20ee", "town_or_city": "walsall", "street_address1": "79", "street_address2": "morris", "county": null, "date": "2021-06-14T13:53:14.874Z", "delivery_cost": "0.00", "order_total": "99.99", "grand_total": "99.99", "original_bag": "", "stripe_pid": ""}}, {"model": "checkout.order", "pk": 8, "fields": {"order_number": "D990C597A1AA4FAF9D56282042B07C27", "user_profile": null, "full_name": "Manbir Singh", "email": "manib58@live.co.uk", "phone_number": "123456", "country": "GB", "postcode": "ws20ee", "town_or_city": "walsall", "street_address1": "79", "street_address2": "morris", "county": null, "date": "2021-06-14T14:50:21.481Z", "delivery_cost": "0.00", "order_total": "155.99", "grand_total": "155.99", "original_bag": "{\"1\": {\"items_by_size\": {\"m\": 1}}}", "stripe_pid": "pi_1J2H6xA4vjBOX4ojygiYVhpb"}}, {"model": "checkout.order", "pk": 9, "fields": {"order_number": "6163BA5CAE4146E3B499B7B2860F33F4", "user_profile": null, "full_name": "Manbir Singh", "email": "manib58@live.co.uk", "phone_number": "123456", "country": "GB", "postcode": "ws20ee", "town_or_city": "walsall", "street_address1": "79", "street_address2": "morris", "county": null, "date": "2021-06-14T14:53:50.922Z", "delivery_cost": "0.00", "order_total": "99.99", "grand_total": "99.99", "original_bag": "{\"2\": {\"items_by_size\": {\"m\": 1}}}", "stripe_pid": "pi_1J2GDjA4vjBOX4ojLqFHykOG"}}, {"model": "checkout.order", "pk": 10, "fields": {"order_number": "1C229F17FE784843A1E7E34BC0A6F0C3", "user_profile": null, "full_name": "Manbir Singh", "email": "manib58@live.co.uk", "phone_number": "123456", "country": "GB", "postcode": "ws20ee", "town_or_city": "walsall", "street_address1": "79", "street_address2": "morris", "county": null, "date": "2021-06-14T18:13:21.999Z", "delivery_cost": "0.00", "order_total": "2603.99", "grand_total": "2603.99", "original_bag": "{\"7\": {\"items_by_size\": {\"m\": 99}}, \"3\": {\"items_by_size\": {\"m\": 1}}, \"2\": {\"items_by_size\": {\"m\": 1}}}", "stripe_pid": "pi_1J2KHIA4vjBOX4ojZDDrweoc"}}, {"model": "checkout.order", "pk": 11, "fields": {"order_number": "DD49FD966EDD4C30B787790120799F27", "user_profile": 1, "full_name": "Manbir Singh", "email": "manib58@live.co.uk", "phone_number": "123456", "country": "GB", "postcode": "ws20ee", "town_or_city": "walsall", "street_address1": "79", "street_address2": "morris", "county": null, "date": "2021-06-15T15:37:31.292Z", "delivery_cost": "3.00", "order_total": "29.99", "grand_total": "32.99", "original_bag": "{\"3\": {\"items_by_size\": {\"m\": 1}}}", "stripe_pid": "pi_1J2eKEA4vjBOX4ojdo0Kc3At"}}, {"model": "checkout.order", "pk": 12, "fields": {"order_number": "6014A34B38C04462BD3CE495050C3B9D", "user_profile": 1, "full_name": "Manbir Singh", "email": "manib58@live.co.uk", "phone_number": "123456", "country": "GB", "postcode": "ws20ee", "town_or_city": "walsall", "street_address1": "79", "street_address2": "morris", "county": null, "date": "2021-06-15T16:37:07.617Z", "delivery_cost": "0.00", "order_total": "155.99", "grand_total": "155.99", "original_bag": "{\"1\": {\"items_by_size\": {\"m\": 1}}}", "stripe_pid": "pi_1J2fFkA4vjBOX4ojfAk1w1lj"}}, {"model": "checkout.order", "pk": 13, "fields": {"order_number": "CC45070FBF1447B1927692A44C599220", "user_profile": 1, "full_name": "Manbir Singh", "email": "manib58@live.co.uk", "phone_number": "123456", "country": "GB", "postcode": "ws20ee", "town_or_city": "walsall", "street_address1": "79", "street_address2": "morris", "county": null, "date": "2021-06-21T13:37:17.092Z", "delivery_cost": "3.00", "order_total": "29.99", "grand_total": "32.99", "original_bag": "{\"3\": {\"items_by_size\": {\"m\": 1}}}", "stripe_pid": "pi_1J4nJCA4vjBOX4ojJO1agWWb"}}, {"model": "checkout.order", "pk": 14, "fields": {"order_number": "F54E4930BDA940568DE1440C366D82D2", "user_profile": 1, "full_name": "Manbir Singh", "email": "manib58@live.co.uk", "phone_number": "123456", "country": "GB", "postcode": "ws20ee", "town_or_city": "walsall", "street_address1": "79", "street_address2": "morris", "county": null, "date": "2021-06-22T16:50:19.139Z", "delivery_cost": "2.30", "order_total": "22.99", "grand_total": "25.29", "original_bag": "{\"5\": {\"items_by_size\": {\"s\": 1}}}", "stripe_pid": "pi_1J5CmxA4vjBOX4ojKiBuhfMJ"}}, {"model": "checkout.orderlineitem", "pk": 5, "fields": {"order": 3, "product": 10, "product_size": "m", "quantity": 1, "lineitem_total": "24.99"}}, {"model": "checkout.orderlineitem", "pk": 6, "fields": {"order": 4, "product": 3, "product_size": "m", "quantity": 1, "lineitem_total": "29.99"}}, {"model": "checkout.orderlineitem", "pk": 7, "fields": {"order": 5, "product": 1, "product_size": "m", "quantity": 1, "lineitem_total": "155.99"}}, {"model": "checkout.orderlineitem", "pk": 8, "fields": {"order": 5, "product": 7, "product_size": "m", "quantity": 1, "lineitem_total": "24.99"}}, {"model": "checkout.orderlineitem", "pk": 9, "fields": {"order": 6, "product": 2, "product_size": "m", "quantity": 1, "lineitem_total": "99.99"}}, {"model": "checkout.orderlineitem", "pk": 10, "fields": {"order": 6, "product": 6, "product_size": "m", "quantity": 1, "lineitem_total": "4.99"}}, {"model": "checkout.orderlineitem", "pk": 11, "fields": {"order": 7, "product": 2, "product_size": "m", "quantity": 1, "lineitem_total": "99.99"}}, {"model": "checkout.orderlineitem", "pk": 12, "fields": {"order": 8, "product": 1, "product_size": "m", "quantity": 1, "lineitem_total": "155.99"}}, {"model": "checkout.orderlineitem", "pk": 13, "fields": {"order": 9, "product": 2, "product_size": "m", "quantity": 1, "lineitem_total": "99.99"}}, {"model": "checkout.orderlineitem", "pk": 14, "fields": {"order": 10, "product": 7, "product_size": "m", "quantity": 99, "lineitem_total": "2474.01"}}, {"model": "checkout.orderlineitem", "pk": 15, "fields": {"order": 10, "product": 3, "product_size": "m", "quantity": 1, "lineitem_total": "29.99"}}, {"model": "checkout.orderlineitem", "pk": 16, "fields": {"order": 10, "product": 2, "product_size": "m", "quantity": 1, "lineitem_total": "99.99"}}, {"model": "checkout.orderlineitem", "pk": 17, "fields": {"order": 11, "product": 3, "product_size": "m", "quantity": 1, "lineitem_total": "29.99"}}, {"model": "checkout.orderlineitem", "pk": 18, "fields": {"order": 12, "product": 1, "product_size": "m", "quantity": 1, "lineitem_total": "155.99"}}, {"model": "checkout.orderlineitem", "pk": 19, "fields": {"order": 13, "product": 3, "product_size": "m", "quantity": 1, "lineitem_total": "29.99"}}, {"model": "checkout.orderlineitem", "pk": 20, "fields": {"order": 14, "product": 5, "product_size": "s", "quantity": 1, "lineitem_total": "22.99"}}, {"model": "profiles.userprofile", "pk": 1, "fields": {"user": 1, "default_phone_number": "123456", "default_street_address1": "79", "default_street_address2": "morris", "default_town_or_city": "walsall", "default_county": null, "default_postcode": "ws20ee", "default_country": "GB"}}, {"model": "profiles.userprofile", "pk": 2, "fields": {"user": 2, "default_phone_number": null, "default_street_address1": null, "default_street_address2": null, "default_town_or_city": null, "default_county": null, "default_postcode": null, "default_country": null}}]