[{"model": "admin.logentry", "pk": 1, "fields": {"action_time": "2021-05-26T14:53:11.406Z", "user": 1, "content_type": 7, "object_id": "1", "object_repr": "sportszone.example.com", "action_flag": 2, "change_message": "[{\"changed\": {\"fields\": [\"Domain name\", \"Display name\"]}}]"}}, {"model": "admin.logentry", "pk": 2, "fields": {"action_time": "2021-05-26T15:01:04.852Z", "user": 1, "content_type": 8, "object_id": "1", "object_repr": "manib58@live.co.uk", "action_flag": 2, "change_message": "[{\"changed\": {\"fields\": [\"Verified\", \"Primary\"]}}]"}}, {"model": "admin.logentry", "pk": 3, "fields": {"action_time": "2021-06-11T17:12:06.031Z", "user": 1, "content_type": 16, "object_id": "1", "object_repr": "EEA7BCA6F43C480D87766976FE440209", "action_flag": 2, "change_message": "[]"}}, {"model": "admin.logentry", "pk": 4, "fields": {"action_time": "2021-06-11T17:12:15.235Z", "user": 1, "content_type": 16, "object_id": "1", "object_repr": "EEA7BCA6F43C480D87766976FE440209", "action_flag": 2, "change_message": "[{\"deleted\": {\"name\": \"order line item\", \"object\": \"SKU pp5001340157 on order EEA7BCA6F43C480D87766976FE440209\"}}]"}}, {"model": "admin.logentry", "pk": 5, "fields": {"action_time": "2021-06-11T17:13:19.062Z", "user": 1, "content_type": 16, "object_id": "1", "object_repr": "EEA7BCA6F43C480D87766976FE440209", "action_flag": 3, "change_message": ""}}, {"model": "admin.logentry", "pk": 6, "fields": {"action_time": "2021-06-11T17:16:41.104Z", "user": 1, "content_type": 16, "object_id": "2", "object_repr": "7ACBABC860364FDC9A143A438D44B0E2", "action_flag": 2, "change_message": "[{\"changed\": {\"name\": \"order line item\", \"object\": \"SKU pp5001340159 on order 7ACBABC860364FDC9A143A438D44B0E2\", \"fields\": [\"Quantity\"]}}]"}}, {"model": "admin.logentry", "pk": 7, "fields": {"action_time": "2021-06-11T17:16:47.775Z", "user": 1, "content_type": 16, "object_id": "2", "object_repr": "7ACBABC860364FDC9A143A438D44B0E2", "action_flag": 2, "change_message": "[{\"changed\": {\"name\": \"order line item\", \"object\": \"SKU pp5001340159 on order 7ACBABC860364FDC9A143A438D44B0E2\", \"fields\": [\"Quantity\"]}}]"}}, {"model": "admin.logentry", "pk": 8, "fields": {"action_time": "2021-06-11T17:16:54.884Z", "user": 1, "content_type": 16, "object_id": "2", "object_repr": "7ACBABC860364FDC9A143A438D44B0E2", "action_flag": 2, "change_message": "[{\"deleted\": {\"name\": \"order line item\", \"object\": \"SKU pp5001340161 on order 7ACBABC860364FDC9A143A438D44B0E2\"}}]"}}, {"model": "admin.logentry", "pk": 9, "fields": {"action_time": "2021-06-11T17:17:59.169Z", "user": 1, "content_type": 16, "object_id": "2", "object_repr": "7ACBABC860364FDC9A143A438D44B0E2", "action_flag": 3, "change_message": ""}}, {"model": "admin.logentry", "pk": 10, "fields": {"action_time": "2021-06-17T17:59:09.865Z", "user": 1, "content_type": 14, "object_id": "11", "object_repr": "rwerwe", "action_flag": 3, "change_message": ""}}, {"model": "auth.user", "pk": 1, "fields": {"password": "pbkdf2_sha256$260000$F0QKWvjzrBs2qVLyQubcAL$jLrpKG8KYAPe01hAom6KUP2UVQKXHTvDmc079D4CYY4=", "last_login": "2021-06-19T09:35:25.361Z", "is_superuser": true, "username": "mannybinning", "first_name": "", "last_name": "", "email": "manib58@live.co.uk", "is_staff": true, "is_active": true, "date_joined": "2021-05-26T13:53:38.913Z", "groups": [], "user_permissions": []}}, {"model": "auth.user", "pk": 2, "fields": {"password": "pbkdf2_sha256$260000$Jpl9UO0LIOVs3l0bglsKqq$o15brPJj+Jp0jh0QP/ZP95qIuqpkFHb5O6IPMlSxdNU=", "last_login": "2021-06-14T17:29:03.792Z", "is_superuser": false, "username": "test123", "first_name": "", "last_name": "", "email": "test123@hotmail.com", "is_staff": false, "is_active": true, "date_joined": "2021-06-14T17:27:29.529Z", "groups": [], "user_permissions": []}}, {"model": "sessions.session", "pk": "0wust3t1zlhh50hq2a2fykze88v2z17a", "fields": {"session_data": ".eJxVjcsOgyAQRf-FdWNAAcFd-yNkhkclNdgIJm2M_15s3Li8586cuxGEJxm2_UYMrGU0a_aLiY4MhJELQ7Avn44CpunADVg7r6k0_5uzzs29Jp9KtFDinB7n10U1Qh6rp-86i6C4U6HjrXRCs8Ap005LDDogMieRKofC6ZbqnotWsRAq7KkMojuk2edcZ4z_vOPyJQPdf_f8RjU:1luAHA:mJaBs5_zqeekbqwg8n-5a2nQxn3tkIBTxAK2rs4c5FU", "expire_date": "2021-07-02T08:54:56.334Z"}}, {"model": "sessions.session", "pk": "96bqyotal5itrav3rrhx98tztwj3qq5b", "fields": {"session_data": ".eJxVjMsOwiAQRf-FtSFQHgWX7v0GwnQYixowpU00xn-3TbrQ7Tnn3jcLcZnHsLQ0hYzsyCQ7_DKIwy2VTeA1lkvlQy3zlIFvCd9t4-eK6X7a27-DMbZxXfdKDRCdRkdKdxaNl6SF9OgtkCcAiRaEQzDoO-F7bToniVbYC0tGbacttZZrCen5yNOLHcXnC4WaPvU:1llv2N:iRXZNQLa-gnTc1r5xJaX4Fu3H3rsGaBd3Cj29F4YHAc", "expire_date": "2021-06-09T15:01:35.603Z"}}, {"model": "sessions.session", "pk": "baodgej4ul73rpd3b1s7p3e109d7odcu", "fields": {"session_data": ".eJyrVkpKTFeyqlYyBBGZJam5xfFJlfHFmVWpIIFcJSvD2lodJXOsshXFQGkdpYocsKraWgDVWhlm:1lr2TT:3m4Cj-l-CpfY6kAdW1-Oq3nW4bfJ5CYN6J87_jyxh4E", "expire_date": "2021-06-23T17:58:43.680Z"}}, {"model": "sessions.session", "pk": "e2577awak3nhz1pwe91stap4763uzzld", "fields": {"session_data": "e30:1lsqIR:VcGzF911gbkJhVwxHqlxFhA6GrkeBelJ_wWEp3dKxZg", "expire_date": "2021-06-28T17:22:47.313Z"}}, {"model": "sessions.session", "pk": "rmh6ma100aad2v2hm47669dsq314n51o", "fields": {"session_data": ".eJxVjcsKwyAQRf_FdQkaH9Hsmh8Rx1EiDaZEAy2l_15TsmiX99yZc1_Eur3Odi9hswnJSBi5_DJw_hbyUbhlOXDnvF_3XLvvzVmX7tpSyDV5V9Oap_PrTzW7MjfPwLkHpwXqyEWvUBoWBWUGjYJoIgBDBVQjSDQ9NYOQvWYxNjhQFSU_pCWU0mZseNzT9iQjfX8AtqZDaQ:1luXNt:pCfKUpH1DSelzJrZpycxP6uMhzXjIbDcMBkbnI0QIV0", "expire_date": "2021-07-03T09:35:25.547Z"}}, {"model": "sessions.session", "pk": "w5i4n3rsqtkke5qy1sa5a5c6ks5ry404", "fields": {"session_data": ".eJxVjjsOgzAQRO-ytWX5g43XZfqcAXlZDCQRSHwqxN1jJIqkfW9mNAc0ad-GZl-7pRkZImgQv4xS--6mS_ArTf0s23nalpHkFZG3XeVz5u7zuLN_A0Nah9KurW0phYpDtpXx7FDnSmlk9JQxE2n2pAKTYzQK68qZoHMusFY-O1tGKfUQj3IwGgEBohbgICIKsAWZ8_wCwp4_Cg:1lpdhe:ORmeqLgZ25bRKZF-OHxvV1ctlswPrd38ZvqFELwQJAM", "expire_date": "2021-06-19T21:19:34.654Z"}}, {"model": "sites.site", "pk": 1, "fields": {"domain": "sportszone.example.com", "name": "Sports Zone"}}, {"model": "account.emailaddress", "pk": 1, "fields": {"user": 1, "email": "manib58@live.co.uk", "verified": true, "primary": true}}, {"model": "account.emailaddress", "pk": 2, "fields": {"user": 2, "email": "test123@hotmail.com", "verified": true, "primary": true}}, {"model": "products.category", "pk": 1, "fields": {"name": "cricket_clothing", "friendly_name": "Cricket Clothing"}}, {"model": "products.category", "pk": 2, "fields": {"name": "football_clothing", "friendly_name": "Football Clothing"}}, {"model": "products.category", "pk": 3, "fields": {"name": "tennis_clothing", "friendly_name": "Tennis Clothing"}}, {"model": "products.category", "pk": 4, "fields": {"name": "cricket_equipment", "friendly_name": "Cricket Equipment"}}, {"model": "products.category", "pk": 5, "fields": {"name": "football_equipment", "friendly_name": "Football Equipment"}}, {"model": "products.category", "pk": 6, "fields": {"name": "tennis_equipment", "friendly_name": "Tennis Equipment"}}, {"model": "products.product", "pk": 1, "fields": {"category": 2, "sku": "pp5001340155", "name": "Helmet", "description": "Cricket helmet for batsmen, Weighs approximatley 940 Gms. including a new improved fixed grill for increased safety. Increased facial & side protection. Removable and washable sweatband. Confirms to Latest ICC/BS 2013 safety standards including the back extention for more safety.", "has_sizes": true, "price": "149.00", "rating": "4.60", "image_url": "https://www.somersetcountysports.com/wp-content/uploads/2020/05/Armor-2.0-Navy.jpg", "image": "helmet_HK8VGaR.jpg"}}, {"model": "products.product", "pk": 2, "fields": {"category": 4, "sku": "pp5001340156", "name": "Cricket Bat", "description": "With an aggressive powerful profile and smouldering black graphics the Shadow is the ideal choice for the player who likes to make thing happen on the field. The addition of the new ‘Counterbalance’ handle enhances the ‘pick up’ to provide a bat which packs a heavyweight punch.", "has_sizes": true, "price": "65.99", "rating": "4.60", "image_url": "https://encrypted-tbn0.gstatic.com/images?q=tbn:ANd9GcQLw3BBOW6kZca8DpUAo7RAjDBq_E1wJZ02GAHjAiDXRNsQWMz80FuN_gRkSg&usqp=CAc", "image": "bat.jpg"}}, {"model": "products.product", "pk": 3, "fields": {"category": 1, "sku": "pp5001340157", "name": "Cricket Top", "description": "A fantastically strong shirt that will stand up to the rigours of the cricket season. The Matrix shirt is as breathable as possible, ensuring cricketers young and old will keep cool even in the hottest conditions. In the modern game, with players become increasingly athletic and moving more dynamically, it was crucial that all Gray Nicolls cricket shirts were ergonomically designed.", "has_sizes": true, "price": "29.99", "rating": "4.60", "image_url": "https://encrypted-tbn0.gstatic.com/images?q=tbn:ANd9GcS0QNRCvLwpJvzzz1p2olzeb_2LcEUWMKI6vIQRSYglesUkVwBK7nYKf7TadA&usqp=CAc", "image": "cricket-top.jpg"}}, {"model": "products.product", "pk": 4, "fields": {"category": 1, "sku": "pp5001340158", "name": "Cricket Bottom", "description": "Professional quality garment. Moisture management and wicking materials with airflow to keep players cool. A supportive rib material which is used for the yoke and back panel of the leg give these trousers a modern, comfortable fit. Supplied with ivory trim only.", "has_sizes": true, "price": "34.99", "rating": "4.60", "image_url": "https://encrypted-tbn0.gstatic.com/images?q=tbn:ANd9GcRcFsCNwJ9nl-wZSfGsSVe0b3lBuqaYqcgbJtsSkGow4Pd8GZkI-Z2hnFucxD87hwhkGIcJJx8r&usqp=CAc", "image": "cricket-bottom.jpg"}}, {"model": "products.product", "pk": 5, "fields": {"category": 1, "sku": "pp5001340159", "name": "Cricket Cap", "description": "Designed to fit all head sizes, we've made the Melton Cap with an elasticated headband that gives the user a secure and comfortable fit, giving you peace of mind when are diving for the ball.", "has_sizes": true, "price": "22.99", "rating": "4.60", "image_url": "https://encrypted-tbn0.gstatic.com/images?q=tbn:ANd9GcSnpN2fOu6W5xJkmQW8wtk-q9lO4IQVaYcWBY67ey1h5zKR0FHLhzPlaI3_iv-oGKpRu10&usqp=CAU", "image": "cricket-cap.jpg"}}, {"model": "products.product", "pk": 6, "fields": {"category": 4, "sku": "pp5001340160", "name": "Cricket Box", "description": "Masuri Jockstrap with box is designed to hold the protective box to place under the whites and leave you to focus on more important things at the crease.", "has_sizes": true, "price": "4.99", "rating": "4.60", "image_url": "https://www.prodirectcricket.com/productimages/Main/205498_Main_Thumb_0468313.jpg", "image": "box.jpg"}}, {"model": "products.product", "pk": 7, "fields": {"category": 2, "sku": "pp5001340161", "name": "Football Top", "description": "Puma short sleeve training top with dry cell technology, Printed branding. 100% polyester. Crew neck. Straight hem.", "has_sizes": true, "price": "24.99", "rating": "4.60", "image_url": "https://encrypted-tbn0.gstatic.com/images?q=tbn:ANd9GcRMCxURDF4yjBzCVB2yitYUD30tPNFC7X9TbL4EIMilRthyteSiSaMM8iCe8Dc&usqp=CAc", "image": "football_top.jpg"}}, {"model": "products.product", "pk": 8, "fields": {"category": 5, "sku": "pp5001340162", "name": "Football", "description": "Emulate your heroes on the pitch with this Nike Strike Premier League Football which is ready for everyday play and features a high-contrast graphic design which allows you to track the the ball with ease. The ball has Nike Aerowtrac grooves which delivers an accurate ball flight right off the foot, whilst the textured casing helps enhance control and the balls 12-panels are machine stitched for long-lasting durability.", "has_sizes": true, "price": "39.99", "rating": "4.60", "image_url": "https://encrypted-tbn0.gstatic.com/images?q=tbn:ANd9GcTE7fHo_zkdZtMe26jiTXZ18K-aRxXMpE2l1s4lE9wvqdSZdmXwp9MZ4Goy7jYCq0IvuTnOLB6k&usqp=CAc", "image": "football.jpg"}}, {"model": "products.product", "pk": 9, "fields": {"category": 6, "sku": "pp5001340163", "name": "Tennis Racket", "description": "The Ultra Power Pro 105 delivers a nice boost of power and stability for recreational tennis players. Innovative frame and shaft constructions create thicker geometries that help stabilize the frame during the swing, while its relatively light weight and midplus head find an impactful balance of comfort and forgiveness. Featuring design and performance inspired by the performance Ultra series, the Ultra Power Pro 105 caters to a wide variety of ages and styles.", "has_sizes": true, "price": "49.99", "rating": "4.60", "image_url": "https://encrypted-tbn0.gstatic.com/images?q=tbn:ANd9GcTSzShXGQOsBj5HwEMT8iitnnQK5kzgaBPv5eqyyOt6eTacQky3R9BsyyZ-y7wEDSAJh5voL7VN&usqp=CAc", "image": "tennis-racket.jpg"}}, {"model": "products.product", "pk": 10, "fields": {"category": 3, "sku": "pp5001340164", "name": "Tennis Top", "description": "This Mens adidas Fab Polo Shirt has been crafted with Climalite technology that wick sweat away from the skin to keep you feeling dry teamed with a lightweight and breathable design along with a three button placket and short sleeves for a comfortable fit.", "has_sizes": true, "price": "24.99", "rating": "4.60", "image_url": "https://encrypted-tbn0.gstatic.com/images?q=tbn:ANd9GcQGH95mblwwnHVfTwYLmzBT9p6XxGw7iRnGzz6zVNL5oik0z6N3-mWQttvmkuxM-57sFEhLaSU&usqp=CAc", "image": "tennis-top.jpg"}}, {"model": "checkout.order", "pk": 3, "fields": {"order_number": "0A296DFDD4CF4D77AE76906FE04E1A38", "user_profile": null, "full_name": "mm", "email": "manib58@live.co.uk", "phone_number": "123456", "country": "England", "postcode": "ws20ee", "town_or_city": "walsall", "street_address1": "79", "street_address2": "morris", "county": null, "date": "2021-06-13T20:17:57.150Z", "delivery_cost": "2.50", "order_total": "24.99", "grand_total": "27.49", "original_bag": "", "stripe_pid": ""}}, {"model": "checkout.order", "pk": 4, "fields": {"order_number": "B9FD74FBCADB44B58CB839D21E8A700A", "user_profile": null, "full_name": "Manbir Singh", "email": "manib58@live.co.uk", "phone_number": "123456", "country": "England", "postcode": "ws20ee", "town_or_city": "walsall", "street_address1": "79", "street_address2": "morris", "county": "1", "date": "2021-06-13T20:59:29.071Z", "delivery_cost": "3.00", "order_total": "29.99", "grand_total": "32.99", "original_bag": "", "stripe_pid": ""}}, {"model": "checkout.order", "pk": 5, "fields": {"order_number": "1839A5B5C8D54B78B4A61C4672C0F257", "user_profile": null, "full_name": "Manbir Singh", "email": "manib58@live.co.uk", "phone_number": "123456", "country": "GB", "postcode": "ws20ee", "town_or_city": "walsall", "street_address1": "79", "street_address2": "morris", "county": null, "date": "2021-06-14T12:37:23.886Z", "delivery_cost": "0.00", "order_total": "180.98", "grand_total": "180.98", "original_bag": "", "stripe_pid": ""}}, {"model": "checkout.order", "pk": 6, "fields": {"order_number": "35A3A61EBD04491EAE0829E6DA6C9B74", "user_profile": null, "full_name": "Manbir Singh", "email": "manib58@live.co.uk", "phone_number": "123456", "country": "GB", "postcode": "ws20ee", "town_or_city": "walsall", "street_address1": "79", "street_address2": "morris", "county": null, "date": "2021-06-14T12:42:15.112Z", "delivery_cost": "0.00", "order_total": "104.98", "grand_total": "104.98", "original_bag": "", "stripe_pid": ""}}, {"model": "checkout.order", "pk": 7, "fields": {"order_number": "0FFE0D9A979D46E39A060993DC5E132A", "user_profile": null, "full_name": "Manbir Singh", "email": "manib58@live.co.uk", "phone_number": "123456", "country": "GB", "postcode": "ws20ee", "town_or_city": "walsall", "street_address1": "79", "street_address2": "morris", "county": null, "date": "2021-06-14T13:53:14.874Z", "delivery_cost": "0.00", "order_total": "99.99", "grand_total": "99.99", "original_bag": "", "stripe_pid": ""}}, {"model": "checkout.order", "pk": 8, "fields": {"order_number": "D990C597A1AA4FAF9D56282042B07C27", "user_profile": null, "full_name": "Manbir Singh", "email": "manib58@live.co.uk", "phone_number": "123456", "country": "GB", "postcode": "ws20ee", "town_or_city": "walsall", "street_address1": "79", "street_address2": "morris", "county": null, "date": "2021-06-14T14:50:21.481Z", "delivery_cost": "0.00", "order_total": "155.99", "grand_total": "155.99", "original_bag": "{\"1\": {\"items_by_size\": {\"m\": 1}}}", "stripe_pid": "pi_1J2H6xA4vjBOX4ojygiYVhpb"}}, {"model": "checkout.order", "pk": 9, "fields": {"order_number": "6163BA5CAE4146E3B499B7B2860F33F4", "user_profile": null, "full_name": "Manbir Singh", "email": "manib58@live.co.uk", "phone_number": "123456", "country": "GB", "postcode": "ws20ee", "town_or_city": "walsall", "street_address1": "79", "street_address2": "morris", "county": null, "date": "2021-06-14T14:53:50.922Z", "delivery_cost": "0.00", "order_total": "99.99", "grand_total": "99.99", "original_bag": "{\"2\": {\"items_by_size\": {\"m\": 1}}}", "stripe_pid": "pi_1J2GDjA4vjBOX4ojLqFHykOG"}}, {"model": "checkout.order", "pk": 10, "fields": {"order_number": "1C229F17FE784843A1E7E34BC0A6F0C3", "user_profile": null, "full_name": "Manbir Singh", "email": "manib58@live.co.uk", "phone_number": "123456", "country": "GB", "postcode": "ws20ee", "town_or_city": "walsall", "street_address1": "79", "street_address2": "morris", "county": null, "date": "2021-06-14T18:13:21.999Z", "delivery_cost": "0.00", "order_total": "2603.99", "grand_total": "2603.99", "original_bag": "{\"7\": {\"items_by_size\": {\"m\": 99}}, \"3\": {\"items_by_size\": {\"m\": 1}}, \"2\": {\"items_by_size\": {\"m\": 1}}}", "stripe_pid": "pi_1J2KHIA4vjBOX4ojZDDrweoc"}}, {"model": "checkout.order", "pk": 11, "fields": {"order_number": "DD49FD966EDD4C30B787790120799F27", "user_profile": 1, "full_name": "Manbir Singh", "email": "manib58@live.co.uk", "phone_number": "123456", "country": "GB", "postcode": "ws20ee", "town_or_city": "walsall", "street_address1": "79", "street_address2": "morris", "county": null, "date": "2021-06-15T15:37:31.292Z", "delivery_cost": "3.00", "order_total": "29.99", "grand_total": "32.99", "original_bag": "{\"3\": {\"items_by_size\": {\"m\": 1}}}", "stripe_pid": "pi_1J2eKEA4vjBOX4ojdo0Kc3At"}}, {"model": "checkout.order", "pk": 12, "fields": {"order_number": "6014A34B38C04462BD3CE495050C3B9D", "user_profile": 1, "full_name": "Manbir Singh", "email": "manib58@live.co.uk", "phone_number": "123456", "country": "GB", "postcode": "ws20ee", "town_or_city": "walsall", "street_address1": "79", "street_address2": "morris", "county": null, "date": "2021-06-15T16:37:07.617Z", "delivery_cost": "0.00", "order_total": "155.99", "grand_total": "155.99", "original_bag": "{\"1\": {\"items_by_size\": {\"m\": 1}}}", "stripe_pid": "pi_1J2fFkA4vjBOX4ojfAk1w1lj"}}, {"model": "checkout.orderlineitem", "pk": 5, "fields": {"order": 3, "product": 10, "product_size": "m", "quantity": 1, "lineitem_total": "24.99"}}, {"model": "checkout.orderlineitem", "pk": 6, "fields": {"order": 4, "product": 3, "product_size": "m", "quantity": 1, "lineitem_total": "29.99"}}, {"model": "checkout.orderlineitem", "pk": 7, "fields": {"order": 5, "product": 1, "product_size": "m", "quantity": 1, "lineitem_total": "155.99"}}, {"model": "checkout.orderlineitem", "pk": 8, "fields": {"order": 5, "product": 7, "product_size": "m", "quantity": 1, "lineitem_total": "24.99"}}, {"model": "checkout.orderlineitem", "pk": 9, "fields": {"order": 6, "product": 2, "product_size": "m", "quantity": 1, "lineitem_total": "99.99"}}, {"model": "checkout.orderlineitem", "pk": 10, "fields": {"order": 6, "product": 6, "product_size": "m", "quantity": 1, "lineitem_total": "4.99"}}, {"model": "checkout.orderlineitem", "pk": 11, "fields": {"order": 7, "product": 2, "product_size": "m", "quantity": 1, "lineitem_total": "99.99"}}, {"model": "checkout.orderlineitem", "pk": 12, "fields": {"order": 8, "product": 1, "product_size": "m", "quantity": 1, "lineitem_total": "155.99"}}, {"model": "checkout.orderlineitem", "pk": 13, "fields": {"order": 9, "product": 2, "product_size": "m", "quantity": 1, "lineitem_total": "99.99"}}, {"model": "checkout.orderlineitem", "pk": 14, "fields": {"order": 10, "product": 7, "product_size": "m", "quantity": 99, "lineitem_total": "2474.01"}}, {"model": "checkout.orderlineitem", "pk": 15, "fields": {"order": 10, "product": 3, "product_size": "m", "quantity": 1, "lineitem_total": "29.99"}}, {"model": "checkout.orderlineitem", "pk": 16, "fields": {"order": 10, "product": 2, "product_size": "m", "quantity": 1, "lineitem_total": "99.99"}}, {"model": "checkout.orderlineitem", "pk": 17, "fields": {"order": 11, "product": 3, "product_size": "m", "quantity": 1, "lineitem_total": "29.99"}}, {"model": "checkout.orderlineitem", "pk": 18, "fields": {"order": 12, "product": 1, "product_size": "m", "quantity": 1, "lineitem_total": "155.99"}}, {"model": "profiles.userprofile", "pk": 1, "fields": {"user": 1, "default_phone_number": "123456", "default_street_address1": "79", "default_street_address2": "morris", "default_town_or_city": "walsall", "default_county": null, "default_postcode": "ws20ee", "default_country": "GB"}}, {"model": "profiles.userprofile", "pk": 2, "fields": {"user": 2, "default_phone_number": null, "default_street_address1": null, "default_street_address2": null, "default_town_or_city": null, "default_county": null, "default_postcode": null, "default_country": null}}]